-- MySQL dump 10.13  Distrib 5.5.54, for debian-linux-gnu (x86_64)
--
-- Host: 0.0.0.0    Database: onlineTests
-- ------------------------------------------------------
-- Server version	5.5.54-0ubuntu0.14.04.1

/*!40101 SET @OLD_CHARACTER_SET_CLIENT=@@CHARACTER_SET_CLIENT */;
/*!40101 SET @OLD_CHARACTER_SET_RESULTS=@@CHARACTER_SET_RESULTS */;
/*!40101 SET @OLD_COLLATION_CONNECTION=@@COLLATION_CONNECTION */;
/*!40101 SET NAMES utf8 */;
/*!40103 SET @OLD_TIME_ZONE=@@TIME_ZONE */;
/*!40103 SET TIME_ZONE='+00:00' */;
/*!40014 SET @OLD_UNIQUE_CHECKS=@@UNIQUE_CHECKS, UNIQUE_CHECKS=0 */;
/*!40014 SET @OLD_FOREIGN_KEY_CHECKS=@@FOREIGN_KEY_CHECKS, FOREIGN_KEY_CHECKS=0 */;
/*!40101 SET @OLD_SQL_MODE=@@SQL_MODE, SQL_MODE='NO_AUTO_VALUE_ON_ZERO' */;
/*!40111 SET @OLD_SQL_NOTES=@@SQL_NOTES, SQL_NOTES=0 */;

--
-- Table structure for table `level`
--

DROP TABLE IF EXISTS `level`;
/*!40101 SET @saved_cs_client     = @@character_set_client */;
/*!40101 SET character_set_client = utf8 */;
CREATE TABLE `level` (
  `level_id` int(11) NOT NULL,
  `level_name` varchar(30) NOT NULL,
  `description` longtext NOT NULL,
  PRIMARY KEY (`level_id`)
) ENGINE=InnoDB DEFAULT CHARSET=latin1;
/*!40101 SET character_set_client = @saved_cs_client */;

--
-- Dumping data for table `level`
--

LOCK TABLES `level` WRITE;
/*!40000 ALTER TABLE `level` DISABLE KEYS */;
INSERT INTO `level` VALUES (1,'Beginner','asfag'),(2,'Intermediate','alkjaksljdas'),(3,'Advanced','alkjaksljdas');
/*!40000 ALTER TABLE `level` ENABLE KEYS */;
UNLOCK TABLES;

-- Table structure for table `subject`
--

DROP TABLE IF EXISTS `subject`;
/*!40101 SET @saved_cs_client     = @@character_set_client */;
/*!40101 SET character_set_client = utf8 */;
CREATE TABLE `subject` (
  `subject_id` int(11) NOT NULL AUTO_INCREMENT,
  `subject_name` varchar(100) NOT NULL,
  `description` longtext NOT NULL,
  `logo` varchar(50) NOT NULL,
  `is_active` tinyint(1) DEFAULT NULL,
  PRIMARY KEY (`subject_id`)
) ENGINE=InnoDB AUTO_INCREMENT=5 DEFAULT CHARSET=latin1;
/*!40101 SET character_set_client = @saved_cs_client */;

--
-- Dumping data for table `subject`
--

LOCK TABLES `subject` WRITE;
/*!40000 ALTER TABLE `subject` DISABLE KEYS */;
INSERT INTO `subject` VALUES (1,'Java','','/application/images/java.png',1),(2,'PHP','','/application/images/php.png',1),(3,'Javascript','','/application/images/javascript.png',1),(4,'Cloud Computing','','/application/images/cloud.png',1);
/*!40000 ALTER TABLE `subject` ENABLE KEYS */;
UNLOCK TABLES;

--
-- Table structure for table `user`
--

DROP TABLE IF EXISTS `user`;
/*!40101 SET @saved_cs_client     = @@character_set_client */;
/*!40101 SET character_set_client = utf8 */;
CREATE TABLE `user` (
  `user_id` int(11) NOT NULL AUTO_INCREMENT,
  `username` varchar(45) NOT NULL,
  `password` varchar(45) NOT NULL,
  `email` varchar(45) NOT NULL,
  `first_name` varchar(50) NOT NULL,
  `last_name` varchar(50) NOT NULL,
  `is_active` tinyint(1) NOT NULL,
  `level_id` int(11) NOT NULL,
  PRIMARY KEY (`user_id`,`level_id`,`username`),
  KEY `fk_user_level1_idx` (`level_id`),
  CONSTRAINT `fk_user_level1` FOREIGN KEY (`level_id`) REFERENCES `level` (`level_id`) ON DELETE NO ACTION ON UPDATE NO ACTION
) ENGINE=InnoDB AUTO_INCREMENT=20 DEFAULT CHARSET=latin1;

-- Table structure for table `questions`
--

DROP TABLE IF EXISTS `questions`;
/*!40101 SET @saved_cs_client     = @@character_set_client */;
/*!40101 SET character_set_client = utf8 */;
CREATE TABLE `questions` (
  `question_id` int(11) NOT NULL AUTO_INCREMENT,
  `question` longtext NOT NULL,
  `answer1` longtext NOT NULL,
  `answer2` longtext NOT NULL,
  `answer3` longtext NOT NULL,
  `answer4` longtext NOT NULL,
  `correct_answer` longtext NOT NULL,
  `level_id` int(11) NOT NULL,
  `subject_id` int(11) NOT NULL,
  PRIMARY KEY (`question_id`,`level_id`,`subject_id`),
  KEY `fk_question_level1_idx` (`level_id`),
  KEY `fk_question_subject1_idx` (`subject_id`),
  CONSTRAINT `fk_question_level1` FOREIGN KEY (`level_id`) REFERENCES `level` (`level_id`) ON DELETE NO ACTION ON UPDATE NO ACTION,
  CONSTRAINT `fk_question_subject1` FOREIGN KEY (`subject_id`) REFERENCES `subject` (`subject_id`) ON DELETE NO ACTION ON UPDATE NO ACTION
) ENGINE=InnoDB AUTO_INCREMENT=371 DEFAULT CHARSET=latin1;
/*!40101 SET character_set_client = @saved_cs_client */;

--
-- Dumping data for table `questions`
--

LOCK TABLES `questions` WRITE;
/*!40000 ALTER TABLE `questions` DISABLE KEYS */;
INSERT INTO `questions` VALUES (1,'What does PHP stand for?','Hypertext Preprocessor','Pretext Hypertext Processor','None of these','Preprocessor Home Page','Hypertext Preprocessor',1,2),(2,'PHP files have a default file extension of..','.html','.xml','.php','.ph','.php',1,2),(3,'A PHP script should start with ___ and end with ___:','<pre><code>&lt; php &gt;</code></pre>','<pre><code>&lt; ? php ?&gt;</code></pre>','<pre><code>&lt;? ?&gt;</code></pre>','<pre><code>&lt;?php ?&gt;</code></pre>','<pre><code>&lt;?php ?&gt;</code></pre>',1,2),(4,'Which of the following is/are a PHP code editor?','Notepad','Notepad++','Adobe Dreamweaver','PDT','Notepad++',1,2),(5,'Which version of PHP introduced Try/catch Exception?','PHP 4','PHP 5','PHP 5.3','PHP 6','PHP 5',1,2),(6,'Which of the following php statement/statements will store 111 in variable num?','int $num = 111;','int mum = 111;','$num = 111;','111 = $num;','$num = 111;',1,2),(7,'What will be the output of the following php code?\r\n<pre><code>\r\n&lt;?php\r\n    $num  = 1;\r\n    $num1 = 2;\r\n    print $num . &quot;+&quot;. $num1;\r\n?&gt;</code></pre>','3','1+2','1.+.2','Error','1+2',1,2),(8,'What will be the output of the following php code?\r\n<pre><code>\r\n&lt;?php\r\n    $num  = &quot;1&quot;;\r\n    $num1 = &quot;2&quot;;\r\n    print $num+$num1;\r\n?&gt;</code></pre>','3','1+2','Error','12','3',1,2),(9,'Which of following variables can be assigned a value to it?','$3hello','$ hello','$-hello','$$a','$$a',1,2),(11,'What will be the output of the following code?\r\n<pre><code>\r\n&lt;?php \r\n    $foo = &#039;Bob&#039;;              \r\n    $bar = &amp;$foo;              \r\n    $bar = &quot;My name is $bar&quot;;  \r\n    echo $bar;\r\n    echo $foo;\r\n?&gt;\r\n</code></pre>','Error','My name is BobBob','My name is BobMy name is Bob','My name is Bob Bob','My name is BobMy name is Bob',1,2),(12,'What will be the output of the following PHP code?\r\n<pre><code>\r\n&lt;?php\r\n    $color = &quot;maroon&quot;;\r\n    $var = $color[2];\r\n    echo &quot;$var&quot;;\r\n?&gt;\r\n</code></pre>','a','Error','$var','r','r',1,2),(13,'What will be the output of the following PHP code?\r\n<pre><code>\r\n&lt;?php\r\n    $score = 1234;\r\n    $scoreboard = (array) $score;\r\n    echo $scoreboard[0];\r\n?&gt;\r\n</code></pre>','1','Error','1234','2','1234',1,2),(14,'What will be the output of the following PHP code?\r\n<pre><code>\r\n&lt;?php\r\n    $total = &quot;25 students&quot;;\r\n    $more = 10;\r\n    $total = $total + $more;\r\n    echo &quot;$total&quot;;\r\n?&gt;\r\n</code></pre>','Error','35 students','35','25 students','35',1,2),(15,'Which of the below statements is equivalent to $add += $add ?','$add = $add','$add = $add +$add','$add = $add + 1','$add = $add + $add + 1','$add = $add +$add',1,2),(16,'Which statement will output $x on the screen?\r\n','<pre><code>echo &quot;$x&quot;;</code></pre>','<pre><code>echo &quot;$$x&quot;;</code></pre>','<pre><code>echo &quot;/$x&quot;;</code></pre>','<pre><code>echo &quot;$x;&quot;;</code></pre>','<pre><code>echo &quot;$x&quot;;</code></pre>',1,2),(17,'What will be the output of the following code?\r\n<pre><code>\r\n&lt;?php\r\n    function track() {\r\n    static $count = 0;\r\n    $count++;\r\n    echo $count;\r\n    }\r\n    track();\r\n    track();\r\n    track();\r\n?&gt;\r\n</code></pre>','123','111','000','011','123',1,2),(18,'What will be the output of the following PHP code?\r\n<pre><code>\r\n&lt;?php\r\n    $a = &quot;clue&quot;;\r\n    $a .= &quot;get&quot;;\r\n    echo &quot;$a&quot;;\r\n?&gt;\r\n</code></pre>','get','true','false','clueget','clueget',1,2),(19,'What will be the output of the following PHP code?\r\n<pre><code>\r\n&lt;?php\r\n    $a = 5;\r\n    $b = 5;\r\n    echo ($a === $b);\r\n?&gt;\r\n</code></pre>','5 === 5','Error','1','False','1',1,2),(22,'What will be the output of the following PHP code?\r\n<pre><code>\r\n&lt;?php\r\n    $num = 10;\r\n    echo &#039;What is her age? \\n She is $num years old&#039;;\r\n?&gt;\r\n</code></pre>','<pre><code>What is her age? \\n She is $num years old</code></pre>','<pre><code>What is her age?\r\nShe is $num years old</code></pre>','<pre><code>What is her age? She is 10 years old</code></pre>','<pre><code>What is her age?\r\nShe is 10 years old</code></pre>','<pre><code>What is her age? \\n She is $num years old</code></pre>',1,2),(23,'Which of the conditional statements is/are supported by PHP?','if statements','if-else statements','switch statements','All of the mentioned','All of the mentioned',1,2),(24,'What will be the output of the following PHP code?\r\n<pre><code>\r\n&lt;?php\r\n    $user = array(&quot;Ashley&quot;, &quot;Bale&quot;, &quot;Shrek&quot;, &quot;Blank&quot;);\r\n    for ($x=0; $x &lt; count($user); $x++)	{\r\n        if ($user[$x] == &quot;Shrek&quot;) continue;\r\n            printf ($user[$x]); \r\n    }\r\n?&gt;\r\n</code></pre>','AshleyBale','AshleyBaleBlank','ShrekBlank','Shrek','AshleyBaleBlank',1,2),(25,'If $a = 12 what will be returned when ($a == 12) ? 5 : 1 is executed?','12','1','Error','5','5',1,2),(26,'What is the value of $a and $b after the function call?\r\n<pre><code>\r\n&lt;?php\r\n    function doSomething( &amp;$arg ) {\r\n        $return = $arg;\r\n        $arg += 1;\r\n        return $return;	\r\n    }\r\n    $a = 3;\r\n    $b = doSomething( $a );\r\n?&gt;\r\n</code></pre>','a is 3 and b is 4','a is 4 and b is 3','Both are 3','Both are 4','a is 4 and b is 3',1,2),(27,'Who is the father of PHP?','Rasmus Lerdorf','Willam Makepiece','Drek Kolkevi','List Barely','Rasmus Lerdorf',1,2),(28,'What will be the output of the following PHP code ?\r\n<pre><code>\r\n&lt;?php\r\n    $x = 5;\r\n    $y = 10;\r\n    $z = &quot;$x + $y&quot;;\r\n    echo &quot;$z&quot;;\r\n?&gt;\r\n</code></pre>','15','10 + 5','$z','$x + $y','15',1,2),(29,'What will be the output of the following PHP code ?\r\n<pre><code>\r\n&lt;?php\r\n    $x = 4;\r\n    $y = 3;\r\n    $z = 1;\r\n    echo &quot;$x = $x + $y + $z&quot;;\r\n?&gt;\r\n</code></pre>','4 = 4 + 3 + 1','8','8 = 4 + 3 +1','Error','4 = 4 + 3 + 1',1,2),(30,'What will be the output of the following PHP code ?\r\n<pre><code>\r\n&lt;?php\r\n    $x = 4;\r\n    $y = 3\r\n    $z = 1;\r\n    $z = $z + $x + $y;\r\n    echo &quot;$z&quot;;\r\n?&gt;\r\n</code></pre>','$z','15','8','1','8',1,2),(31,'What will be the output of the following PHP code ?\r\n<pre><code>\r\n&lt;?php\r\n    $x = 3.3;\r\n    $y = 2;\r\n    echo $x % $y;\r\n?&gt;\r\n</code></pre>','0','1','2','Error','1',1,2),(32,'What will be the output of the following PHP code ?\r\n<pre><code>\r\n&lt;?php\r\n    &quot;Hello World&quot;\r\n?&gt;\r\n</code></pre>','Error','Hello World','Nothing','Missing semicolon error','Nothing',1,2),(33,'What will be the output of the following PHP code ?\r\n<pre><code>\r\n&lt;?php\r\n    print_r &quot;Hello world&quot;\r\n?&gt;\r\n</code></pre>','Error','Hello World','Nothing','Missing semicolon error','Error',1,2),(34,'What will be the output of the following PHP code ?\r\n<pre><code>\r\n&lt;?php\r\n    echo &#039;Hello World&#039;;\r\n    &lt;html&gt;\r\n    Hello world\r\n    &lt;/html&gt;\r\n?&gt;\r\n</code></pre>','Hello world','Hello World Hello World','Hello world\r\nHello World','Syntax Error','Syntax Error',1,2),(35,'What will be the output of the following PHP code ?\r\n<pre><code>\r\n&lt;?php\r\n    Echo &quot;Hello World1&quot;;\r\n    echo &quot; Hello world2&quot;;\r\n    ECHO &quot; Hello world3&quot;;\r\n?&gt;\r\n</code></pre>','Hello world1 Hello world2 Hello World3','Hello world1\r\nHello world2\r\nHello world3','Error','Hello world1 Hello world3','Hello world1 Hello world2 Hello World3',1,2),(36,'A PHP script should start with ___ and end with ___:2','<pre><code>&lt; php &gt;</code></pre>','<pre><code>&lt; ? php ?&gt;</code></pre>','<pre><code>&lt;? ?&gt;</code></pre>','<pre><code>&lt;?php ?&gt;</code></pre>','<pre><code>&lt;?php ?&gt;</code></pre>',1,2),(37,'_________ computing refers to applications and services that run on a distributed network using virtualized resources.','Distributed','Cloud','Soft','Parallel','Cloud',1,4),(38,'Point out the wrong statement :','The massive scale of cloud computing systems was enabled by the popularization of the Internet','Soft computing represents a real paradigm shift in the way in which systems are deployed','Cloud computing makes the long-held dream of utility computing possible with a pay-as-you-go, infinitely scalable, universally available system','All of the mentioned','Soft computing represents a real paradigm shift in the way in which systems are deployed',1,4),(39,'________ as a utility is a dream that dates from the beginning of the computing industry itself.','Model','Computing','Software','All of the mentioned','Computing',1,4),(40,'Which of the following is essential concept related to Cloud ?','Reliability','Productivity','Abstraction',' All of the mentioned','Abstraction',1,4),(41,'Point out the wrong statement :','All applications benefit from deployment in the cloud','With cloud computing, you can start very small and become big very fast','Cloud computing is revolutionary, even if the technology it is built on is evolutionary','None of the mentioned','All applications benefit from deployment in the cloud',1,4),(42,'Which of the following cloud concept is related to pooling and sharing of resources ?','Polymorphism','Abstraction','Virtualization','None of the mentioned','Virtualization',1,4),(43,'________ has many of the characteristics of what is now being called cloud computing.','Internet','Softwares','Web Service\r\n','All of the mentioned','Internet',1,4),(44,'Which of the following can be identified as cloud ?','Web Applications','Intranet','Hadoop','All of the mentioned','Hadoop',1,4),(45,'Cloud computing is an abstraction based on the notion of pooling physical resources and presenting them as a ________ resource.','real','virtual','cloud','None of the mentioned','virtual',1,4),(46,'Which of the following is Cloud Platform by Amazon ?','Azure','AWS','Cloudera','All of the mentioned','Cloudera',1,4),(47,' _________ model consists of the particular types of services that you can access on a cloud computing platform.','Service','Deployment','Application','None of the mentioned','Service',1,4),(48,'Point out the correct statement :','cloud computing is a climate process in clouds.','Cloud computing abstracts systems by pooling and sharing resources','cloud computing is nothing more than the Internet','All of the mentioned','Cloud computing abstracts systems by pooling and sharing resources',1,4),(49,'________ refers to the location and management of the clouds infrastructure.','Service','Deployment','Application','None of the mentioned','Deployment',1,4),(50,'Which of the following is deployment model ?','public','private','hybrid',' All of the mentioned',' All of the mentioned',1,4),(51,' Point out the wrong statement :','Cloud Computing has two distinct sets of models','Amazon has built a worldwide network of datacenters to service its search engine','Azure enables .NET Framework applications to run over the Internet','None of the mentioned','Amazon has built a worldwide network of datacenters to service its search engine',1,4),(52,'Which of the following is best known service model ?','SaaS','IaaS','PaaS','All of the mentioned','All of the mentioned',1,4),(53,'The __________ model originally did not require a cloud to use virtualization to pool resources.\r\n','NEFT','NIST','NIT','All of the mentioned','NIST',1,4),(54,'_______ model attempts to categorize a cloud network based on four dimensional factors.','Cloud Square','Cloud Service','Cloud Cube','All of the mentioned','Cloud Cube',1,4),(55,'How many types of dimensions exists in Cloud Cube Model ?','1','2','3','4','4',1,4),(56,'Which of the following dimension is related to organization\'s boundaries ?','Physical location of data','Ownership','Security boundary','All of the mentioned','Physical location of data',1,4),(57,'How many types of security boundary values exist in Cloud Cube model ?','1','2','3','None of the mentioned','2',1,4),(58,'Point out the correct statement :','A deployment model defines the purpose of the cloud and the nature of how the cloud is located','Service model defines the purpose of the cloud and the nature of how the cloud is located','','All of the mentioned','A deployment model defines the purpose of the cloud and the nature of how the cloud is located',1,4),(59,'Which of the following is provided by ownership dimension of Cloud Cube Model ?','Proprietary','Owner','P','All of the mentioned','Owner',1,4),(60,'__________is a measure of whether the operation is inside or outside the security boundary or network firewall.','Per','P','Pre',' All of the mentioned',' All of the mentioned',1,4),(61,'Point out the wrong statement :','Public cloud may be managed by the constituent organization(s) or by a third party','A community cloud may be managed by the constituent organization(s) or by a third party','Private clouds may be either on- or off-premises','None of the mentioned','Public cloud may be managed by the constituent organization(s) or by a third party',1,4),(62,'Which of the following is related to service provided by Cloud ?','Sourcing','Ownership','Reliability','AaaS','Sourcing',1,4),(63,' ________ dimension corresponds to two different states in the eight possible cloud forms.','Physical location of data','Ownership','Security boundary','None of the mentioned','None of the mentioned',1,4),(64,'The ________ cloud infrastructure is operated for the exclusive use of an organization.','Public','Private','Community','All of the mentioned','Private',1,4),(65,'__________ cloud is one where the cloud has been organized to serve a common function or purpose.','Public','Private','Community','All of the mentioned','Community',1,4),(66,' A hybrid cloud combines multiple clouds where those clouds retain their unique identities, but are bound together as a unit.','Public','Private','Community','Hybrid','Hybrid',1,4),(67,' Which of the following is owned by an organization selling cloud services ?','Public','Private','Community','Hybrid','Public',1,4),(68,'Point out the wrong statement :','None of the mentioned','In the deployment model, different cloud types are an expression of the manner in which infrastructure is deployed','AaaS provides virtual machines, operating systems, applications, services, development frameworks, transactions, and control structures','All of the mentioned','AaaS provides virtual machines, operating systems, applications, services, development frameworks, transactions, and control structures',1,4),(69,' _______ provides virtual machines, virtual storage, virtual infrastructure, and other hardware assets','IaaS','SaaS','PaaS','All of the mentioned','IaaS',1,4),(70,'Which of the following provides development frameworks and control structures ?','IaaS','SaaS','PaaS','All of the mentioned','PaaS',1,4),(72,'_______ is a complete operating environment with applications, management, and the user interface.','IaaS','SaaS','PaaS','All of the mentioned','SaaS',1,4),(73,'How many types of service model are mainly present in Cloud ?','1','2','3','4','3',1,4),(74,'The three different service models is together known as the _____ model of cloud computing.','SPI','SIP','CPI','All of the mentioned','SPI',1,4),(75,' CaaS stands for _____________ as service.','Compliance','Computer','Community','Communication','Communication',1,4),(76,'Which of the following is IaaS service provider ?','EC2','EC1','EC10','Hybrid','EC2',1,4),(77,'A _______ service provider gets the same benefits from a composable system that a user does.','CaaS','AaaS','PaaS','All of the mentioned','PaaS',2,4),(78,'Point out the correct statement :',' Cloud architecture can couple software running on virtualized hardware in multiple locations to provide an on-demand service','Cloud computing relies on a set of protocols needed to manage interprocess communications','Platforms are used to create more complex software','All of the mentioned','All of the mentioned',2,4),(79,'Which of the following is the property of composable component ?','stateful','stateless','symmetric','All of the mentioned','stateless',2,4),(80,'From the standpoint of an ________, it makes no sense to offer non-standard machine instances to customers.','CaaS','AaaS','PaaS','IaaS','IaaS',2,4),(82,'A service provider reselling an ____ may have the option to offer one module to customize the information.','CaaS','AaaS','PaaS','SaaS','SaaS',2,4),(83,'Which of the following is highest degree of integration in cloud computing ?\r\n','CaaS','AaaS','PaaS','SaaS','SaaS',2,4),(84,'Which of the architectural layer is used as front end in cloud computing ?','client','cloud','soft',' All of the mentioned','client',2,4),(85,'Which of the following benefit is provided by PaaS service provider ?','A larger pool of qualified developers','More reliable operation','A logical design methodology','All of the mentioned','All of the mentioned',2,4),(86,'Which of the following benefit is provided by PaaS service provider ?','A larger pool of qualified developers','More reliable operation','A logical design methodology','All of the mentioned','All of the mentioned',2,4),(87,'Communication between services is done widely using _______ protocol.','REST','SOAP','RESTful','None of the mentioned','SOAP',2,4),(88,'Which of the following is a virtual machine technology now owned by Oracle that can run various operating systems ?','Vmachines','VirtualBox','ThoughtPolice','None of the mentioned','VirtualBox',2,4),(89,'Point out the correct statement :','JumpIt is an open-source virtual appliance installation and management service\r\n','Converting a virtual appliance from one platform to another is easy proposition','Nearly all major virtualization platform vendors support OVF, notably VMware, Microsoft, Oracle, and Citrix','All of the mentioned','Nearly all major virtualization platform vendors support OVF, notably VMware, Microsoft, Oracle, and Citrix',2,4),(90,'Which of the following lets a Web service advertise itself in terms of a collection of endpoints ?','WSDL','VMc','SOAP','All of the mentioned','WSDL',2,4),(91,'Which of the following is a specification for multicast discovery on a LAN ?','WS-Agent','WS-Discovery','WS-SOAP',' All of the mentioned','WS-Discovery',2,4),(92,'Point out the wrong statement :','Cloud computing arises from services available over the Internet communicating','XML-RPC uses platform-independent XML data to encode program calls that are transported over HTTP',' SOAP uses JSON for its messages and uses RPC and HTTP for message passing','None of the mentioned','SOAP uses JSON for its messages and uses RPC and HTTP for message passing',2,4),(93,'_________ as a Service is a cloud computing infrastructure that creates a development environment upon which applications may be build.','Infrastructure','Service','Platform','All of the mentioned','Platform',2,4),(95,'Which of the following is fundamental unit of virtualized client in an IaaS deployment ?','workunit','workspace','workload','All of the mentioned','workload',2,4),(96,'How many types of virtual private server instances are partitioned in an IaaS stack ?','one','two','three','All of the mentioned','three',2,4),(97,'_________ is a cloud computing service model in which hardware is virtualized in the cloud.','PaaS',' IaaS','CaaS','All of the mentioned',' IaaS',2,4),(98,'Point out the correct statement :','Platforms cannot be based on specific types of development languages, application frameworks, or other constructs',' PaaS systems offer a way to create user interfaces','In a CaaS model, customers may interact with the software to enter and retrieve data','All of the mentioned',' PaaS systems offer a way to create user interfaces',2,4),(99,'Which of the following is associated with considerable vendor lock-in ?','PaaS','IaaS','CaaS','SaaS','PaaS',2,4),(100,'_________ serves as a PaaS vendor within Google App Engine system.','Google','Amazon','Microsoft','All of the mentioned','Google',2,4),(102,'Which of the following can be considered PaaS offering ?','Google Maps','Gmail','Google Earth','All of the mentioned','Google Maps',2,4),(103,'__________ is the most refined and restrictive service model.','IaaS','CaaS','PaaS','All of the mentioned','PaaS',2,4),(104,'_______ provides virtual machines, virtual storage, virtual infrastructure, and other hardware assets.','IaaS','SaaS','PaaS',' All of the mentioned','IaaS',2,4),(105,'Amazon Web Services offers a classic Service Oriented Architecture (SOA) approach to :','IaaS','SaaS','PaaS ','All of the mentioned','PaaS ',2,4),(106,'Rackspace Cloud Service is an example of :','IaaS ','SaaS ','PaaS ','All of the mentioned','IaaS ',2,4),(107,'Which of the following is most complete cloud computing service model ?','PaaS','IaaS','CaaS','SaaS','SaaS',2,4),(108,'Point out the correct statement :','Platforms can be based on specific types of development languages, application frameworks, or other constructs','SaaS is the cloud-based equivalent of shrink-wrapped software','Software as a Service (SaaS) may be succinctly described as software that is deployed on a hosted service','All of the mentioned','All of the mentioned',2,4),(109,'Which of the following aspect of the service is abstracted away ?',' Data escrow','User Interaction','Adoption drivers','None of the mentioned','User Interaction',2,4),(110,'Which of the following SaaS platform is with an exposed API ?',' salesforce.com','amazon.com','flipkart.com',' All of the mentioned',' salesforce.com',2,4),(111,'Point out the wrong statement :','SaaS applications come in all shapes and sizes','Every computer user is familiar with SaaS systems','SaaS software is not customizable','None of the mentioned','None of the mentioned',2,4),(112,'Which of the following is a SaaS characteristic ?','The typical license is subscription-based or usage-based and is billed on a recurring basis','The software is available over the Internet globally through a browser on demand','The software and the service are monitored and maintained by the vendor','All of the mentioned','All of the mentioned',2,4),(113,' _________ applications have a much lower barrier to entry than their locally installed competitors.','IaaS','CaaS','PaaS','None of the mentioned','None of the mentioned',2,4),(114,'SaaS supports multiple users and provides a shared data model through _________ model.','single-tenancy','multi-tenancy','multiple-instance','All of the mentioned','multi-tenancy',2,4),(115,'Open source software used in a SaaS is called _______ SaaS.','closed','free','open','All of the mentioned','open',2,4),(116,'The componentized nature of SaaS solutions enables many solutions to support a feature called :','workspace','workloads','mashups','All of the mentioned','mashups',2,4),(117,'Application frameworks provide a means for creating ________ hosted applications using IDE.','PaaS','SaaS','CaaS','All of the mentioned','SaaS',3,4),(118,'Point out the correct statement :','Drupal is used in major Web sites and organizes vast amounts of information','Fourspace is often associated with blogging tools','FourSquare works with photos, imports information from other social tools, and allows very attractive Web sites to be created by average users','All of the mentioned','Drupal is used in major Web sites and organizes vast amounts of information',3,4),(119,'Which of the following is based on the notion of information management and organization ?','CMS','DMS','MIS','All of the mentioned','CMS',3,4),(120,'Which of the following environment best describes WorkXpress ?','3GL','4GL','5GL',' None of the mentioned','5GL',3,4),(121,' Point out the wrong statement related to common characteristics of SOA :','They separate data-handling from presentation (user interface)\r\n',' They support the incorporation of business rules, logic, and actions\r\n',' They support packaging and deployment of applications\r\n','None of the mentioned\r\n','None of the mentioned\r\n',3,4),(122,'Which of the following module feature is provided by Drupal CMS ?','Traffic management','OpenID authentication','User interface creation tools','All of the mentioned','All of the mentioned',3,4),(123,'Which of the following programming language solves problems by acting on constraints and inputs ?','3GL','4GL','5GL','None of the mentioned','5GL',3,4),(124,'___________ PaaS application delivery platform creates SOA applications that work on several different IaaS vendors.','AppOne',' Eccentex AppBase','Ez Publish','All of the mentioned',' Eccentex AppBase',3,4),(125,' Which of the following AppBase tool allows you to assign access rights to different objects in the system ?','Security Roles Management','Dashboard Designer','Report Builder','All of the mentioned','Security Roles Management',3,4),(126,'Which of the following algorithm is used by Google to determine the importance of a particular page ?','SVD','PageRank','FastMap','All of the mentioned','PageRank',3,4),(127,'Point out the correct statement :','With PaaS, the goal is to create hosted scalable applications that are used in a Software as a Service model','Applications built using PaaS tools need to be standards-based','In Wolf, the data and transaction management conforms to the business rules you create\r\n','All of the mentioned','All of the mentioned',3,4),(128,' Based on PageRank algorithm, Google returns __________ for a query that is parsed for its keywords.','SEP','SAP','SERP','Business Objects Build','SERP',3,4),(129,'Point out the wrong statement:','Wolf Frameworks uses a C# engine and supports both Microsoft SQL Server and MySQL database','Applications built in Wolf are 50-percent browser-based and support mashable and multisource overlaid content','Google applications are cloud-based applications','None of the mentioned','Applications built in Wolf are 50-percent browser-based and support mashable and multisource overlaid content',3,4),(130,'Which of the following protocol lets a Web site list in an XML file information ?','Sitemaps','Mashups','Hashups','All of the mentioned','Sitemaps',3,4),(131,'Which of the following is not privided by &quot;Deep Web&quot; ?','Database generated Web pages','Private or limited access Web pages','Pages without links','All of the mentioned','All of the mentioned',3,4),(132,'Dynamic content presented in Google _______ crawling isn\'t normally indexed.','AJAX','Java','Javascript','All of the mentioned\r\n','AJAX',3,4),(133,'Which of the following google product sends you periodic email alerts based on your search term ?','Alerts','Blogger','Calendar','All of the mentioned','Alerts',3,4),(134,'Which of the following is a payment processing system by Google ?','Paytm',' Checkout','Code','All of the mentioned',' Checkout',3,4),(135,'Point out the wrong statement:\r\n','Amazon Machine Instances are sized at various levels and rented on a computing/hour basis','The metrics obtained by CloudWatch may be used to enable a feature called Auto Scaling\r\n','A Number of tools are used to support EC2 services','None of the mentioned','None of the mentioned',3,4),(136,'Which of the following is an edge-storage or content-delivery system that caches data in different physical locations ?','Amazon Relational Database Service','Amazon SimpleDB','Amazon Cloudfront','Amazon Associates Web Services','Amazon Cloudfront',3,4),(137,'Which of the following allows you to create instances of the MySQL database to support your Web sites ?','Amazon Elastic Compute Cloud','Amazon Simple Queue Service',' Amazon Relational Database Service','Amazon Simple Storage System',' Amazon Relational Database Service',3,4),(138,'Point out the correct statement:',' Amazon Elastic Cloud is a system for creating virtual disks(volume)','SimpleDB interoperates with both Amazon EC2 and Amazon S3','EC3 is an Analytics as a Service provider','None of the mentioned','SimpleDB interoperates with both Amazon EC2 and Amazon S3',3,4),(139,'Which of the following is a structured data store that supports indexing and data queries to both EC2 and S3 ?','CloudWatch','Amazon SimpleDB','Amazon Cloudfront',' All of the mentioned','Amazon SimpleDB',3,4),(140,'Which of the following is the machinery for interacting with Amazon\'s vast product data and eCommerce catalog function ?','Amazon Elastic Compute Cloud','Amazon Associates Web Services','Alexa Web Information Service','All of the mentioned','Amazon Associates Web Services',3,4),(141,' Which of the following is a billing and account management service ?','Amazon Elastic MapReduce\r\n',' Amazon Mechanical Turk','Amazon DevPay','Multi-Factor Authentication','Amazon DevPay',3,4),(142,'Which of the following is a means for accessing human researchers or consultants to help solve problems on a contractual or temporary basis ?','Amazon Elastic MapReduce','Amazon Mechanical Turk','Amazon DevPay','Multi-Factor Authentication','Amazon Mechanical Turk',3,4),(143,'Which of the following is built on top of a Hadoop framework using the Elastic Compute Cloud ?',' Amazon Elastic MapReduce','Amazon Mechanical Turk','Amazon DevPay','Multi-Factor Authentication',' Amazon Elastic MapReduce',3,4),(144,'Which of the following standard does Azure use ?','REST','XML','HTML',' All of the mentioned',' All of the mentioned',3,4),(145,'Point out the wrong statement:','An Amazon Machine Image can be provisioned with an operating system, an enterprise application, or application stack','AWS is a deployment enabler','Google Apps lets you create a scalable cloud-based application','None of the mentioned','None of the mentioned',3,4),(146,'What does IPsec in Azure platform refers to ?','Internet Protocol Security protocol suite','Internet Standard','Commodity servers','All of the mentioned','Internet Protocol Security protocol suite',3,4),(147,'Which of the following web applications can be deployed with Azure ?','ASP.NET','PHP','WCF','All of the mentioned','All of the mentioned',3,4),(149,'A _________ role is a virtual machine instance running Microsoft IIS Web server that can accept and respond to HTTP or HTTPS requests.','Web','Server','Worker','Client','Web',3,4),(150,'Which of the following element allows you to create and manage virtual machines that serve either in a Web role and a Worker role ?','Compute','Application','Storage','None of the mentioned','Compute',3,4),(151,'Which of the following element is a non-relational storage system for large-scale storage ?\r\n','Compute','Application','Storage','None of the mentioned','Storage',3,4),(152,'Azure Storage plays the same role in Azure that ______ plays in Amazon Web Services.','S3','EC2','EC3','All of the mentioned','S3',3,4),(153,'Which of the following element in Azure stands for management service ?','config','application','virtual machines','None of the mentioned','config',3,4),(154,'Which of the following can be operands of arithmetic operators?','Numeric','Boolean','Characters','Both Numeric &amp; Characters','Both Numeric &amp; Characters',1,1),(156,'With x = 0, which of the following are legal lines of Java code for changing the value of x to 1?','x++;','x = x + 1;','x += 1;','All the above','All of the mentioned',1,1),(157,'Decrement operator, &amp;#8722;&amp;#8722;, decreases value of variable by what number?','1','2','3','4','1',1,1),(158,'Which of these statements are incorrect?','Assignment operators are more efficiently implemented by Java run-time system than their equivalent long forms.','Assignment operators run faster than their equivalent long forms.','Assignment operators can be used only with numeric and character data type.','None','None',1,1),(159,'What is the output of this program?\r\n<pre><code>\r\nclass increment {\r\n        public static void main(String args[])\r\n        {\r\n            double var1 = 1 + 5; \r\n            double var2 = var1 / 4;\r\n            int var3 = 1 + 5;\r\n            int var4 = var3 / 4;\r\n            System.out.print(var2 + &quot; &quot; + var4);\r\n \r\n        } \r\n    }\r\n</code></pre>','1 1','0 1','1.5 1','1.5 1.0','1.5 1',1,1),(160,'What is the output of this program?\r\n<pre><code>\r\nclass Modulus {\r\n        public static void main(String args[]) \r\n        {    \r\n             double a = 25.64;\r\n             int  b = 25;\r\n             a = a % 10;\r\n             b = b % 10;\r\n             System.out.println(a + &quot; &quot;  + b);\r\n        } \r\n    }\r\n</code></pre>','5.640000000000001 5','5.640000000000001 5.0','5 5','5 5.640000000000001','5.640000000000001 5',1,1),(161,'What is the output of this program?\r\n<pre><code>\r\nclass increment {\r\n        public static void main(String args[]) \r\n        {        \r\n             int g = 3;\r\n             System.out.print(++g * 8);\r\n        } \r\n    }\r\n</code></pre>','25','24','32','33','32',1,1),(162,'What is the output of this program?\r\n<pre><code>\r\nclass Output {\r\n        public static void main(String args[]) \r\n        {    \r\n             int a = 1;\r\n             int b = 2;\r\n             int c;\r\n             int d;\r\n             c = ++b;\r\n             d = a++;\r\n             c++;\r\n             b++;\r\n             ++a;\r\n             System.out.println(a + &quot; &quot; + b + &quot; &quot; + c);\r\n        } \r\n    }\r\n</code></pre>','3 2 4','3 2 3','2 3 4','3 4 4','3 4 4',1,1),(163,'What is the range of short data type in Java?','-128 to 127','-32768 to 32767','-2147483648 to 2147483647','None of the mentioned','-32768 to 32767',1,1),(164,'What is the range of byte data type in Java?','-128 to 127','-32768 to 32767','-2147483648 to 2147483647','None of the mentioned','-128 to 127',1,1),(165,'An expression involving byte, int, and literal numbers is promoted to which of these?','int','long','byte','float','int',1,1),(166,'Which of these literals can be contained in float data type variable?','-1.7e+308','-3.4e+038','+1.7e+308','-3.4e+050','-3.4e+038',1,1),(167,'Which data type value is returned by all transcendental math functions?','int','float','double','long','double',1,1),(168,'What is the output of this program?','16.34','16.566666644','16.46666666666667','16.46666666666666','16.46666666666667',1,1),(169,'What will be the output of these statement?\r\n<pre><code>\r\nclass output {\r\n        public static void main(String args[]) \r\n        {\r\n            double a, b,c;\r\n            a = 3.0/0;\r\n            b = 0/4.0;\r\n            c=0/0.0;\r\n \r\n	    System.out.println(a);\r\n            System.out.println(b);\r\n            System.out.println(c);\r\n        } \r\n    }\r\n</code></pre>','Infinity','0.0','NaN','all of the mentioned','all of the mentioned',1,1),(170,'What is the output of this program?\r\n<pre><code>\r\n    class increment {\r\n        public static void main(String args[]) \r\n        {        \r\n             int g = 3;\r\n             System.out.print(++g * 8);\r\n        } \r\n    }\r\n</code></pre>','25','24','32','33','32',1,1),(171,'What is the output of this program?\r\n<pre><code>\r\n    class area {\r\n        public static void main(String args[]) \r\n        {    \r\n             double r, pi, a;\r\n             r = 9.8;\r\n             pi = 3.14;\r\n             a = pi * r * r;\r\n             System.out.println(a);\r\n        } \r\n    }\r\n</code></pre>','301.5656','301','301.56','301.56560000','301.5656',1,1),(172,'What is the numerical range of a char data type in Java?','-128 to 127','0 to 256','0 to 32767','0 to 65535','0 to 65535',1,1),(173,'Which of these coding types is used for data type characters in Java?','ASCII','ISO-LATIN-1','UNICODE','None of the mentioned','UNICODE',1,1),(174,'Which of these values can a boolean variable contain?','True &amp; False','0 &amp; 1','Any integer value','true','True &amp; False',1,1),(175,'Which of these occupy first 0 to 127 in Unicode character set used for characters in Java?','ASCII','ISO-LATIN-1','None of the mentioned','ASCII and ISO-LATIN1','ASCII and ISO-LATIN1',1,1),(176,'Which one is a valid declaration of a boolean?','boolean b1 = 1;','boolean b2 = \'false\';','boolean b3 = false;','boolean b4 = \'true\'','boolean b3 = false;',1,1),(177,'What is the output of this program?\r\n<pre><code>\r\n    class array_output {\r\n        public static void main(String args[]) \r\n        {    \r\n            char array_variable [] = new char[10];\r\n	    for (int i = 0; i &lt; 10; ++i) {\r\n                array_variable[i] = &#039;i&#039;;\r\n                System.out.print(array_variable[i] + &quot;&quot; );\r\n                i++;\r\n            }\r\n        } \r\n    }\r\n</code></pre>','i i i i i','0 1 2 3 4','i j k l m','None of the mentioned','i i i i i',1,1),(178,'What is the output of this program?\r\n<pre><code>\r\n    class mainclass {\r\n        public static void main(String args[]) \r\n        {\r\n            char a = &#039;A&#039;;\r\n            a++;\r\n	    System.out.print((int)a);\r\n        } \r\n    }\r\n</code></pre>','66','67','65','64','66',1,1),(179,'What is the output of this program?\r\n<pre><code>\r\n    class mainclass {\r\n        public static void main(String args[]) \r\n        {\r\n            boolean var1 = true;\r\n	    boolean var2 = false;\r\n	    if (var1)\r\n	        System.out.println(var1);\r\n	    else\r\n	        System.out.println(var2);\r\n       } \r\n    }\r\n</code></pre>','0','1','true','false','true',1,1),(180,'What is the output of this program?\r\n<pre><code>\r\n    class asciicodes {\r\n        public static void main(String args[]) \r\n        {\r\n            char var1 = &#039;A&#039;;\r\n	    char var2 = &#039;a&#039;;\r\n	    System.out.println((int)var1 + &quot; &quot; + (int)var2);\r\n        } \r\n    }\r\n</code></pre>','162','65 97','67 95','66 98','65 97',1,1),(181,'Which of these is long data type literal?','0x99fffL','ABCDEFG','0x99fffa','99671246','0x99fffL',1,1),(182,'Which of these can be returned by the operator &amp; ?','Integer','Boolean','Character','Integer or Boolean','Integer or Boolean',1,1),(183,'Literals in java must be appended by which of these?','L','I','D','L and I','L and I',1,1),(184,'Literal can be of which of these data types?','integer','float','boolean','all of the mentioned','all of the mentioned',1,1),(185,'Which of these can not be used for a variable name in Java?','identifier','keyword','identifier &amp; keyword','None of the mentioned','keyword',1,1),(186,'What is the output of this program?\r\n<pre><code>\r\n    class evaluate {\r\n        public static void main(String args[]) \r\n        {\r\n            int a[] = {1,2,3,4,5};\r\n	    int d[] = a;\r\n	    int sum = 0;\r\n	    for (int j = 0; j &lt; 3; ++j)\r\n                sum += (a[j] * d[j + 1]) + (a[j + 1] * d[j]);\r\n	    System.out.println(sum);\r\n        } \r\n    }\r\n</code></pre>','38','39','40','41','40',1,1),(187,'What is the output of this program?\r\n<pre><code>\r\n    class array_output {\r\n        public static void main(String args[]) \r\n        {\r\n       	    int array_variable [] = new int[10];\r\n	    for (int i = 0; i &lt; 10; ++i) {\r\n                array_variable[i] = i/2;\r\n                array_variable[i]++;\r\n                System.out.print(array_variable[i] + &quot; &quot;);\r\n                i++;\r\n            }\r\n \r\n        } \r\n    }\r\n</code></pre>','0 2 4 6 8','1 2 3 4 5','0 1 2 3 4 5 6 7 8 9','1 2 3 4 5 6 7 8 9 10','1 2 3 4 5',1,1),(188,'What is the output of this program?\r\n<pre><code>\r\n    class variable_scope {\r\n        public static void main(String args[]) \r\n        {\r\n            int x;\r\n            x = 5;\r\n            {\r\n	        int y = 6;\r\n	        System.out.print(x + &quot; &quot; + y);\r\n            }\r\n            System.out.println(x + &quot; &quot; + y);\r\n        } \r\n    }\r\n</code></pre>','5 6 5 6','5 6 5','Runtime error','Compilation error','Compilation error',1,1),(189,'What is the output of this program?\r\n<pre><code>\r\n    class dynamic_initialization {\r\n        public static void main(String args[]) \r\n        {\r\n            double a, b;\r\n            a = 3.0;\r\n            b = 4.0;\r\n	    double c = Math.sqrt(a * a + b * b);\r\n	    System.out.println(c);\r\n        } \r\n    }\r\n</code></pre>','5.0','25.0','7.0','Compilation Error','5.0',1,1),(190,'Which of these operators is used to allocate memory to array variable in Java?','malloc','alloc','new','new malloc','new',2,1),(191,'Which of these is an incorrect array declaration?','<pre><code>int arr[] = new int[5]</code></pre>','<pre><code>int [] arr = new int[5]</code></pre>','<pre><code>int arr[] = new int[5]</code></pre>','<pre><code>int arr[] = int [5] new</code></pre>','<pre><code>int arr[] = int [5] new</code></pre>',2,1),(192,'What will this code print?\r\n<pre><code>\r\nint arr[] = new int [5];\r\n</code></pre>','0','value stored in arr[0]','00000','Class name@ hashcode in hexadecimal form','Class name@ hashcode in hexadecimal form',2,1),(193,'Which of these is an incorrect Statement?','It is necessary to use new operator to initialize an array.','Array can be initialized using comma separated expressions surrounded by curly braces.','Array can be initialized when they are declared.','None of the mentioned','It is necessary to use new operator to initialize an array.',2,1),(194,'Which of these is necessary to specify at time of array initialization?','Row','Column','Both Row and Column','None of the mentioned','Row',2,1),(195,'What is the output of this program?\r\n<pre><code>\r\n    class array_output {\r\n        public static void main(String args[]) \r\n        {\r\n            int array_variable [] = new int[10];\r\n	    for (int i = 0; i &lt; 10; ++i) {\r\n                array_variable[i] = i;\r\n                System.out.print(array_variable[i] + &quot; &quot;);\r\n                i++;\r\n            }\r\n        } \r\n    }\r\n</code></pre>','0 2 4 6 8','1 3 5 7 9','0 1 2 3 4 5 6 7 8 9','1 2 3 4 5 6 7 8 9 10','0 2 4 6 8',2,1),(196,'What is the output of this program?\r\n<pre><code>\r\n    class multidimention_array {\r\n        public static void main(String args[])\r\n        {\r\n            int arr[][] = new int[3][];\r\n            arr[0] = new int[1];\r\n            arr[1] = new int[2];\r\n            arr[2] = new int[3];               \r\n	    int sum = 0;\r\n	    for (int i = 0; i &lt; 3; ++i) \r\n	        for (int j = 0; j &lt; i + 1; ++j)\r\n                    arr[i][j] = j + 1;\r\n	    for (int i = 0; i &lt; 3; ++i) \r\n	        for (int j = 0; j &lt; i + 1; ++j)\r\n                    sum + = arr[i][j];\r\n	    System.out.print(sum); 	\r\n        } \r\n    }\r\n</code></pre>','11','10','13','14','10',2,1),(197,'What is the output of this program?\r\n<pre><code>\r\n    class evaluate {\r\n        public static void main(String args[]) \r\n            {\r\n	        int arr[] = new int[] {0 , 1, 2, 3, 4, 5, 6, 7, 8, 9};\r\n	        int n = 6;\r\n                n = arr[arr[n] / 2];\r\n	        System.out.println(arr[n] / 2);\r\n            } \r\n    }\r\n</code></pre>','3','0','6','1','1',2,1),(198,'What is the output of this program?\r\n<pre><code>\r\n    class array_output {\r\n        public static void main(String args[]) \r\n        {\r\n            char array_variable [] = new char[10];\r\n	    for (int i = 0; i &lt; 10; ++i) {\r\n                array_variable[i] = &#039;i&#039;;\r\n                System.out.print(array_variable[i] + &quot;&quot;);\r\n            }\r\n        } \r\n    }\r\n</code></pre>','1 2 3 4 5 6 7 8 9 10','0 1 2 3 4 5 6 7 8 9 10','i j k l m n o p q r','i i i i i i i i i i','i i i i i i i i i i',2,1),(199,'What is the output of this program?\r\n<pre><code>\r\n    class array_output {\r\n        public static void main(String args[]) \r\n        {\r\n            int array_variable[][] = {{ 1, 2, 3}, { 4 , 5, 6}, { 7, 8, 9}};\r\n            int sum = 0;\r\n            for (int i = 0; i &lt; 3; ++i)\r\n                for (int j = 0; j &lt;  3 ; ++j)\r\n                    sum = sum + array_variable[i][j];\r\n            System.out.print(sum / 5);\r\n        } \r\n    }\r\n</code></pre>','8','9','10','11','9',2,1),(200,'What is the return type of a method that does not returns any value?','int','float','void','double','void',2,1),(201,'What is the process of defining more than one method in a class differentiated by method signature?','Function overriding','Function overloading','Function doubling','None of the mentioned','Function overloading',2,1),(203,'Which method can be defined only once in a program?','main method','finalize method','static method','private method','main method',2,1),(204,'Which of these statement is incorrect?','All object of a class are allotted memory for the all the variables defined in the class.','If a function is defined public it can be accessed by object of other class by inheritation.','main() method must be made public.','All object of a class are allotted memory for the methods defined in the class.','All object of a class are allotted memory for the methods defined in the class.',2,1),(205,'What is the output of this program?\r\n<pre><code>\r\n    class box {\r\n        int width;\r\n        int height;\r\n        int length;\r\n        int volume;\r\n        void volume(int height, int length, int width) {\r\n             volume = width*height*length;\r\n        } \r\n    }    \r\n    class Prameterized_method{\r\n        public static void main(String args[])\r\n        {\r\n            box obj = new box();\r\n            obj.height = 1;\r\n            obj.length = 5;\r\n            obj.width = 5;\r\n            obj.volume(3,2,1);\r\n            System.out.println(obj.volume);        \r\n        } \r\n    }\r\n</code></pre>','0','1','6','25','6',2,1),(206,'What is the output of this program?\r\n<pre><code>\r\n    class equality {\r\n        int x;\r\n        int y;\r\n        boolean isequal(){\r\n            return(x == y);  \r\n        } \r\n    }    \r\n    class Output {\r\n        public static void main(String args[])\r\n        {\r\n            equality obj = new equality();\r\n            obj.x = 5;\r\n            obj.y = 5;\r\n            System.out.println(obj.isequal());\r\n        } \r\n    }\r\n</code></pre>','false','true','0','1','true',2,1),(207,'What is the output of this program?\r\n<pre><code>\r\n    class box {\r\n        int width;\r\n        int height;\r\n        int length;\r\n        int volume;\r\n        void volume() {\r\n             volume = width*height*length;\r\n        } \r\n    }    \r\n    class Output { \r\n        public static void main(String args[])\r\n        {\r\n            box obj = new box();\r\n            obj.height = 1;\r\n            obj.length = 5;\r\n            obj.width = 5;\r\n            obj.volume();\r\n            System.out.println(obj.volume);        \r\n        } \r\n    }\r\n</code></pre>','0','1','25','26','25',2,1),(208,'In the below code, which call to sum() method is appropriate?\r\n<pre><code>\r\nclass Output {\r\n \r\n        public static int sum(int ...x)\r\n        {\r\n             return; \r\n        }\r\n        static void main(String args[]) \r\n        {    \r\n             sum(10);\r\n             sum(10,20);\r\n             sum(10,20,30);\r\n             sum(10,20,30,40);\r\n        } \r\n}\r\n</code></pre>','only sum(10)','only sum(10,20)','only sum(10) &amp; sum(10,20)','all of the mentioned','all of the mentioned',2,1),(209,'What is the output of this program?\r\n<pre><code>\r\n    class area {\r\n        int width;\r\n        int length;\r\n        int volume;\r\n        area() {\r\n        width=5;\r\n        length=6;\r\n        }\r\n        void volume() {\r\n             volume = width*length*height;\r\n        } \r\n    }    \r\n    class cons_method {\r\n        public static void main(String args[])\r\n        {\r\n            area obj = new area();\r\n            obj.volume();\r\n            System.out.println(obj.volume);        \r\n        } \r\n    }\r\n</code></pre>','0','1','30','error','error',2,1),(210,'Which of these method of class String is used to compare two String objects for their equality?','equals()','Equals()','isequal()','Isequal()','equals()',2,1),(211,'Which of these methods is used to compare a specific region inside a string with another specific region in another string?','regionMatch()','match()','RegionMatches()','regionMatches()','regionMatches()',2,1),(212,'Which of these method of class String is used to check weather a given object starts with a particular string literal?','startsWith()','endsWith()','Starts()','ends()','startsWith()',2,1),(213,'What is the value returned by unction compareTo() if the invoking string is less than the string compared?','zero','value less than zero','value greater than zero','None of the mentioned','value less than zero',2,1),(214,'Which of these data type value is returned by equals() method of String class?','char','int','boolean','All of the mentioned','boolean',2,1),(215,'What is the output of this program?\r\n<pre><code>\r\n    class output {\r\n        public static void main(String args[])\r\n        { \r\n           String c = &quot;Hello i love java&quot;;\r\n           boolean var;\r\n           var = c.startsWith(&quot;hello&quot;);\r\n           System.out.println(var);\r\n        }\r\n    }\r\n</code></pre>','true','false','0','1','false',2,1),(216,'What is the output of this program?\r\n<pre><code>\r\n    class output {\r\n        public static void main(String args[])\r\n        { \r\n           String s1 = &quot;Hello i love java&quot;;\r\n           String s2 = new String(s1);\r\n           System.out.println((s1 == s2) + &quot; &quot; + s1.equals(s2));\r\n        }\r\n    }\r\n</code></pre>','true true','false false','true false','false true','false true',2,1),(217,'In the below code, which code fragment should be inserted at line 3 so that the output will be: &quot;123ab<pre><code>\r\nStringBuilder sb1 = new StringBuilder(&quot;123&quot;);\r\nString s1 = &quot;123&quot;;\r\n// insert code here\r\nSystem.out.println(sb1 + &quot; &quot; + s1);\r\n</code></pre>','<pre><code>sb1.append(&quot;abc&quot;); s1.append(&quot;abc&quot;);</code></pre>','<pre><code>sb1.append(&quot;abc&quot;); s1.concat(&quot;abc&quot;);</code></pre>','<pre><code>sb1.concat(&quot;abc&quot;); s1.append(&quot;abc&quot;);</code></pre>','<pre><code>sb1.append(&quot;abc&quot;); s1 = s1.concat(&quot;abc&quot;);</code></pre>','<pre><code>sb1.append(&quot;abc&quot;); s1 = s1.concat(&quot;abc&quot;);</code></pre>',2,1),(218,'What is the output of this program?\r\n<pre><code>\r\n    class output {\r\n        public static void main(String args[])\r\n        {\r\n             String chars[] = {&quot;a&quot;, &quot;b&quot;, &quot;c&quot;, &quot;a&quot;, &quot;c&quot;};\r\n             for (int i = 0; i &lt; chars.length; ++i)\r\n                 for (int j = i + 1; j &lt; chars.length; ++j)\r\n                     if(chars[i].compareTo(chars[j]) == 0)\r\n                         System.out.print(chars[j]); \r\n        }\r\n   }\r\n</code></pre>','ab','bc','ca','ac','ac',2,1),(219,'Which of these keyword must be used to inherit a class?','super','this','extent','extends','extends',2,1),(220,'Which of these keywords is used to refer to member of base class from a sub class?','upper','super','this','None of the mentioned','super',2,1),(221,'A class member declared protected becomes member of subclass of which type?','public member','private member','protected member','static member','private member',2,1),(222,'Which of these is correct way of inheriting class A by class B?','class B + class A {}','class B inherits class A {}','class B extends A {}','class B extends class A {}','class B extends A {}',2,1),(223,'Which class uses the Shape class correctly? \r\n<pre><code>\r\nA. public class Circle implements Shape \r\n   {\r\n    private int radius;\r\n   }\r\nB. public abstract class Circle extends Shape \r\n   {\r\n    private int radius;\r\n   }\r\nC. public class Circle extends Shape \r\n   {\r\n   private int radius;\r\n   public void draw();\r\n   }\r\nD. public abstract class Circle implements Shape \r\n   {\r\n    private int radius;\r\n    public void draw();\r\n   }\r\n</code></pre>','B','A','C','D','B',2,1),(224,'What is the output of this program?\r\n<pre><code>    class A {\r\n        int i;\r\n        void display() {\r\n            System.out.println(i);\r\n        }\r\n    }    \r\n    class B extends A {\r\n        int j;\r\n        void display() {\r\n            System.out.println(j);\r\n        }\r\n    }    \r\n    class inheritance_demo {\r\n        public static void main(String args[])\r\n        {\r\n            B obj = new B();\r\n            obj.i=1;\r\n            obj.j=2;   \r\n            obj.display();     \r\n        }\r\n   }\r\n</code></pre>','0','1','2','Compilation Error','2',2,1),(225,'What is the output of this program?\r\n<pre><code>    class A {\r\n        int i;\r\n    }    \r\n    class B extends A {\r\n        int j;\r\n        void display() {\r\n            super.i = j + 1;\r\n            System.out.println(j + &quot; &quot; + i);\r\n        }\r\n    }    \r\n    class inheritance {\r\n        public static void main(String args[])\r\n        {\r\n            B obj = new B();\r\n            obj.i=1;\r\n            obj.j=2;   \r\n            obj.display();     \r\n        }\r\n   }\r\n</code></pre>','2 2','3 3','2 3','3 2','2 3',2,1),(226,'What is the output of this program?\r\n<pre><code>\r\n    class A {\r\n        public int i;\r\n        private int j;\r\n    }    \r\n    class B extends A {\r\n        void display() {\r\n            super.j = super.i + 1;\r\n            System.out.println(super.i + &quot; &quot; + super.j);\r\n        }\r\n    }    \r\n    class inheritance {\r\n        public static void main(String args[])\r\n        {\r\n            B obj = new B();\r\n            obj.i=1;\r\n            obj.j=2;   \r\n            obj.display();     \r\n        }\r\n   }\r\n</code></pre>','2 2','3 3','Runtime Error','Compilation Error','Compilation Error',2,1),(227,'What is the output of this program?\r\n<pre><code>    class A {\r\n        public int i;\r\n        public int j;\r\n        A() {\r\n            i = 1;\r\n            j = 2;\r\n	}\r\n    }    \r\n    class B extends A {\r\n        int a;\r\n        B() {\r\n            super();\r\n        } \r\n    }    \r\n    class super_use {\r\n        public static void main(String args[])\r\n        {\r\n            B obj = new B();\r\n            System.out.println(obj.i + &quot; &quot; + obj.j)     \r\n        }\r\n   }\r\n</code></pre>','1 2','2 1','Runtime Error','Compilation Error','1 2',2,1),(228,'What is the output of this program?\r\n<pre><code>\r\n    class A {\r\n        public int i;\r\n        protected int j;\r\n    }    \r\n    class B extends A {\r\n        int j;\r\n        void display() {\r\n            super.j = 3;\r\n            System.out.println(i + &quot; &quot; + j);\r\n        }\r\n    }    \r\n    class Output {\r\n        public static void main(String args[])\r\n        {\r\n            B obj = new B();\r\n            obj.i=1;\r\n            obj.j=2;   \r\n            obj.display();     \r\n        }\r\n   }\r\n</code></pre>','1 2','2 1','1 3','3 1','1 2',2,1),(229,'Which of these keywords is used to define interfaces in Java?','interface','Interface','intf','Intf','interface',3,1),(230,'Which of these can be used to fully abstract a class from its implementation?','Objects','Packages','Interfaces','None of the Mentioned.','Interfaces',3,1),(231,'Which of these access specifiers can be used for an interface?','Public','Protected','private','All of the mentioned','Public',3,1),(232,'Which of these keywords is used by a class to use an interface defined previously?','import','Import','implements','Implements','implements',3,1),(233,'Which of the following is correct way of implementing an interface salary by class manager?','class manager extends salary {}','class manager implements salary {}','class manager imports salary {}','None of the mentioned.','class manager implements salary {}',3,1),(234,'Which of the following is incorrect statement about packages?','Interfaces specifies what class must do but not how it does.','Interfaces are specified public if they are to be accessed by any code in the program.','All variables in interface are implicitly final and static.','All variables are static and methods are public if interface is defined pubic.','All variables are static and methods are public if interface is defined pubic.',3,1),(235,'Which of the following package stores all the standard java classes?','lang','java','util','java.packages','java',3,1),(236,'What is the output of this program?\r\n<pre><code>\r\n    interface calculate {\r\n        void cal(int item);\r\n    }\r\n    class display implements calculate {\r\n        int x;\r\n        public void cal(int item) {\r\n            x = item * item;            \r\n        }\r\n    }\r\n    class interfaces {\r\n        public static void main(String args[]) {\r\n            display arr = new display;\r\n            arr.x = 0;      \r\n            arr.cal(2);\r\n            System.out.print(arr.x);\r\n        }\r\n    }\r\n</code></pre>','0','2','4','None of the mentioned','4',3,1),(237,'What is the output of this program?\r\n<pre><code>\r\n    interface calculate {\r\n        void cal(int item);\r\n    }\r\n    class displayA implements calculate {\r\n        int x;\r\n        public void cal(int item) {\r\n            x = item * item;            \r\n        }\r\n    }\r\n    class displayB implements calculate {\r\n        int x;\r\n        public void cal(int item) {\r\n            x = item / item;            \r\n        }\r\n    }\r\n    class interfaces {\r\n        public static void main(String args[]) {\r\n            displayA arr1 = new displayA;\r\n            displayB arr2 = new displayB;\r\n            arr1.x = 0;\r\n            arr2.x = 0;      \r\n            arr1.cal(2);\r\n            arr2.cal(2);\r\n            System.out.print(arr1.x + &quot; &quot; + arr2.x);\r\n        }\r\n    }\r\n</code></pre>','0 0','2 2','4 1','1 4','4 1',3,1),(238,'What is the output of this program?\r\n<pre><code>\r\ninterface calculate {\r\n            int VAR = 0;\r\n            void cal(int item);\r\n        }\r\n        class display implements calculate {\r\n            int x;\r\n          public  void cal(int item) {\r\n                if (item&lt;2)\r\n                    x = VAR;\r\n                else\r\n                    x = item * item;            \r\n            }\r\n        }\r\n class interfaces {\r\n \r\n            public static void main(String args[]) {\r\n                display[] arr=new display[3];\r\n \r\n               for(int i=0;i&lt;3;i++)\r\n               arr[i]=new display();\r\n               arr[0].cal(0);    \r\n               arr[1].cal(1);\r\n               arr[2].cal(2);\r\n               System.out.print(arr[0].x+&quot; &quot; + arr[1].x + &quot; &quot; + arr[2].x);\r\n            }\r\n        }\r\n</code></pre>','0 1 2','0 2 4','0 0 4','0 1 4','0 0 4',3,1),(239,'Which of these keywords is used to define packages in Java?\r\n','pkg','Pkg','package','Package','package',3,1),(240,'Which of these is a mechanism for naming and visibility control of a class and its content?','Object','Packages','Interfaces','None of the Mentioned.','Packages',3,1),(241,'Which of this access specifies can be used for a class so that its members can be accessed by a different class in the same package?','Public','Protected','No Modifier','All of the mentioned','All of the mentioned',3,1),(244,'Which of the following is incorrect statement about packages?','Package defines a namespace in which classes are stored.','A package can contain other package within it.','Java uses file system directories to store packages.','A package can be renamed without renaming the directory in which the classes are stored.','A package can be renamed without renaming the directory in which the classes are stored.',3,1),(245,'Which of the following package stores all the standard java classes?','lang','java','util','java.packages','java',3,1),(246,'What is the output of this program?\r\n<pre><code>\r\n    package pkg;\r\n    class display {\r\n        int x;\r\n        void show() {\r\n            if (x &gt; 1)\r\n                System.out.print(x + &quot; &quot;);\r\n        }\r\n    }\r\n    class packages {\r\n        public static void main(String args[]) {\r\n            display[] arr=new display[3];\r\n            for(int i=0;i&lt;3;i++)\r\n                arr[i]=new display();\r\n            arr[0].x = 0;      \r\n            arr[1].x = 1;\r\n            arr[2].x = 2;\r\n            for (int i = 0; i &lt; 3; ++i)\r\n                arr[i].show();\r\n         }\r\n    }\r\n</code></pre>','0','1','2','0 1 2','2',3,1),(247,'What is the output of this program?\r\n<pre><code>\r\n    package pkg;\r\n    class output {\r\n        public static void main(String args[])\r\n        { \r\n            StringBuffer s1 = new StringBuffer(&quot;Hello&quot;);\r\n            s1.setCharAt(1, x);\r\n            System.out.println(s1);\r\n        }\r\n    }\r\n</code></pre>','xello','xxxxx','Hxllo','Hexlo','Hxllo',3,1),(248,'What is the output of this program?\r\n<pre><code>\r\n    package pkg;\r\n    class output {\r\n        public static void main(String args[])\r\n        {\r\n            StringBuffer s1 = new StringBuffer(&quot;Hello World&quot;);\r\n            s1.insert(6 , &quot;Good &quot;);\r\n            System.out.println(s1);\r\n        }\r\n   }\r\n</code></pre>','HelloGoodWorld','HellGoodoWorld','Compilation error','Runtime error','Runtime error',3,1),(249,'Which of these is a process of writing the state of an object to a byte stream?','Serialization','Externalization','File Filtering','All of the mentioned','Serialization',3,1),(250,'Which of these process occur automatically by java run time system?','Serialization','Garbage collection','File Filtering','All of the mentioned','Serialization',3,1),(251,'Which of these is an interface for control over serialization and deserialization?','Serializable','Externalization','FileFilter','ObjectInput','Externalization',3,1),(252,'Which of these interface extends DataOutput interface?','Serializable','Externalization','ObjectOutput','ObjectInput','ObjectOutput',3,1),(253,'Which of these is a method of ObjectOutput interface used to finalize the output state so that any buffers are cleared?',' clear()','flush()','fflush()','close()','flush()',3,1),(254,'Which of these is method of ObjectOutput interface used to write the object to input or output stream as required?','write()','Write()','StreamWrite()','writeObject()','writeObject()',3,1),(255,'What is the output of this program?\r\n<pre><code>\r\n    import java.io.*;\r\n    class serialization {\r\n        public static void main(String[] args) {\r\n            try {\r\n                Myclass object1 = new Myclass(&quot;Hello&quot;, -7, 2.1e10);\r\n	        FileOutputStream fos = new FileOutputStream(&quot;serial&quot;);\r\n	        ObjectOutputStream oos = new ObjectOutputStream(fos);\r\n                oos.writeObject(object1);\r\n                oos.flush();\r\n                oos.close();\r\n	    }\r\n	    catch(Exception e) {\r\n	        System.out.println(&quot;Serialization&quot; + e);\r\n                System.exit(0);\r\n            }\r\n	    try {\r\n                Myclass object2;\r\n	        FileInputStream fis = new FileInputStream(&quot;serial&quot;);\r\n	        ObjectInputStream ois = new ObjectInputStream(fis);\r\n                object2 = (Myclass)ois.readObject();\r\n                ois.close();\r\n	        System.out.println(object2);		    	\r\n	    }\r\n	    catch (Exception e) {\r\n                System.out.print(&quot;deserialization&quot; + e);\r\n	        System.exit(0);\r\n	    }\r\n        }\r\n    }\r\n    class Myclass implements Serializable {\r\n	String s;\r\n	int i;\r\n	double d;\r\n        Myclass (String s, int i, double d){\r\n	    this.d = d;\r\n	    this.i = i;\r\n	    this.s = s;\r\n	}\r\n    }\r\n</code></pre>','s=Hello; i=-7; d=2.1E10','Hello; -7; 2.1E10','s; i; 2.1E10','Serialization','s=Hello; i=-7; d=2.1E10',3,1),(256,'What is the output of this program?\r\n<pre><code>\r\n    import java.io.*;\r\n    class serialization {\r\n        public static void main(String[] args) {\r\n            try {\r\n                Myclass object1 = new Myclass(&quot;Hello&quot;, -7, 2.1e10);\r\n	        FileOutputStream fos = new FileOutputStream(&quot;serial&quot;);\r\n	        ObjectOutputStream oos = new ObjectOutputStream(fos);\r\n                oos.writeObject(object1);\r\n                oos.flush();\r\n                oos.close();\r\n	    }\r\n	    catch(Exception e) {\r\n	        System.out.println(&quot;Serialization&quot; + e);\r\n                System.exit(0);\r\n            }\r\n	    try {\r\n	        int x;\r\n	        FileInputStream fis = new FileInputStream(&quot;serial&quot;);\r\n	        ObjectInputStream ois = new ObjectInputStream(fis);\r\n                x = ois.readInt();\r\n                ois.close();\r\n	        System.out.println(x);		    	\r\n	    }\r\n	    catch (Exception e) {\r\n                System.out.print(&quot;deserialization&quot;);\r\n	        System.exit(0);\r\n	    }\r\n        }\r\n    }\r\n    class Myclass implements Serializable {\r\n	String s;\r\n	int i;\r\n	double d;\r\n        Myclass(String s, int i, double d){\r\n	    this.d = d;\r\n	    this.i = i;\r\n	    this.s = s;\r\n	}\r\n    }\r\n</code></pre>','-7','Hello','2.1E10','deserialization','deserialization',3,1),(257,'What is the output of this program?\r\n<pre><code>\r\n    import java.io.*;\r\n    class Chararrayinput {\r\n        public static void main(String[] args) {\r\n	    String obj  = &quot;abcdefgh&quot;;\r\n            int length = obj.length();\r\n            char c[] = new char[length];\r\n            obj.getChars(0, length, c, 0);\r\n            CharArrayReader input1 = new CharArrayReader(c);\r\n            CharArrayReader input2 = new CharArrayReader(c, 1, 4);\r\n            int i;\r\n            int j;\r\n            try {\r\n		while ((i = input1.read()) == (j = input2.read())) {\r\n                    System.out.print((char)i);\r\n                }\r\n       	    } \r\n            catch (IOException e) {\r\n                e.printStackTrace();\r\n	    }\r\n	}\r\n    }\r\n</code></pre>','abc','abcd','abcde','None of the mentioned','None of the mentioned',3,1),(258,'What is the output of this program?\r\n<pre><code>    \r\n    import java.io.*;\r\n    class streams {\r\n        public static void main(String[] args) {\r\n            try {\r\n	        FileOutputStream fos = new FileOutputStream(&quot;serial&quot;);\r\n	        ObjectOutputStream oos = new ObjectOutputStream(fos);\r\n                oos.writeFloat(3.5);\r\n                oos.flush();\r\n                oos.close();\r\n	    }\r\n	    catch(Exception e) {\r\n	        System.out.println(&quot;Serialization&quot; + e);\r\n                System.exit(0);\r\n            }\r\n	    try {\r\n	        float x;\r\n	        FileInputStream fis = new FileInputStream(&quot;serial&quot;);\r\n	        ObjectInputStream ois = new ObjectInputStream(fis);\r\n                x = ois.readInt();\r\n                ois.close();\r\n	        System.out.println(x);		    	\r\n	    }\r\n	    catch (Exception e) {\r\n                System.out.print(&quot;deserialization&quot;);\r\n	        System.exit(0);\r\n	    }\r\n        }\r\n    }\r\n</code></pre>','3','3.5','serialization','deserialization','3.5',3,1),(259,'What is process of defining two or more methods within same class that have same name but different parameters declaration?','method overloading','method overriding','method hiding','None of the mentioned','method overloading',3,1),(260,'Which of these can be overloaded?','Methods','Constructors','All of the mentioned','None of the mentioned','All of the mentioned',3,1),(261,'Which of these is correct about passing an argument by call-by-value process?','Copy of argument is made into the formal parameter of the subroutine.','Reference to original argument is passed to formal parameter of the subroutine.','Copy of argument is made into the formal parameter of the subroutine and changes made on parameters of subroutine have effect on original argument.','Reference to original argument is passed to formal parameter of the subroutine and changes made on parameters of subroutine have effect on original argument.','Copy of argument is made into the formal parameter of the subroutine.',3,1),(262,'What is the process of defining a method in terms of itself, that is a method that calls itself?','Polymorphism','Abstraction','Encapsulation','Recursion','Recursion',3,1),(263,'What is the output of the following code?\r\n<pre><code>\r\nclass San\r\n{\r\n public void m1 (int i,float f)\r\n {\r\n  System.out.println(&quot; int float method&quot;);\r\n }\r\n \r\n public void m1(float f,int i);\r\n  {\r\n  System.out.println(&quot;float int method&quot;);\r\n  }\r\n \r\n  public static void main(String[]args)\r\n  {\r\n    San s=new San();\r\n        s.m1(20,20);\r\n  }\r\n}\r\n</code></pre>','int float method','float int method','compile time error','compile time error','run time error',3,1),(264,'What is the output of this program?\r\n<pre><code>\r\n    class overload {\r\n        int x;\r\n 	int y;\r\n        void add(int a) {\r\n            x =  a + 1;\r\n        }\r\n        void add(int a, int b){\r\n            x =  a + 2;\r\n        }        \r\n    }    \r\n    class Overload_methods {\r\n        public static void main(String args[])\r\n        {\r\n            overload obj = new overload();   \r\n            int a = 0;\r\n            obj.add(6);\r\n            System.out.println(obj.x);     \r\n        }\r\n   }\r\n</code></pre>','5','6','7','8','7',3,1),(265,'What is the output of this program?\r\n<pre><code>\r\n    class overload {\r\n        int x;\r\n 	int y;\r\n        void add(int a){\r\n            x =  a + 1;\r\n        }\r\n        void add(int a , int b){\r\n            x =  a + 2;\r\n        }        \r\n    }    \r\n    class Overload_methods {\r\n        public static void main(String args[])\r\n        {\r\n            overload obj = new overload();   \r\n            int a = 0;\r\n            obj.add(6, 7);\r\n            System.out.println(obj.x);     \r\n        }\r\n   }\r\n</code></pre>','6','7','8','9','8',3,1),(266,'What is the output of this program?\r\n<pre><code>\r\n   class overload {\r\n        int x;\r\n 	double y;\r\n        void add(int a , int b) {\r\n            x = a + b;\r\n        }\r\n        void add(double c , double d){\r\n            y = c + d;\r\n        }\r\n        overload() {\r\n            this.x = 0;\r\n            this.y = 0;\r\n        }        \r\n    }    \r\n    class Overload_methods {\r\n        public static void main(String args[])\r\n        {\r\n            overload obj = new overload();   \r\n            int a = 2;\r\n            double b = 3.2;\r\n            obj.add(a, a);\r\n            obj.add(b, b);\r\n            System.out.println(obj.x + &quot; &quot; + obj.y);     \r\n        }\r\n   }\r\n</code></pre>','6 6','6.4 6.4','6.4 6','4 6.4','4 6.4',3,1),(267,'What is the output of this program?\r\n<pre><code>\r\n    class test {\r\n        int a;\r\n        int b;\r\n        void meth(int i , int j) {\r\n            i *= 2;\r\n            j /= 2;\r\n        }          \r\n    }    \r\n    class Output {\r\n        public static void main(String args[])\r\n        {\r\n            test obj = new test();\r\n	    int a = 10;\r\n            int b = 20;             \r\n            obj.meth(a , b);\r\n            System.out.println(a + &quot; &quot; + b);        \r\n        } \r\n    }\r\n</code></pre>','10 20','20 10','20 40','40 20','10 20',3,1),(268,'What is the output of this program?\r\n<pre><code>\r\n    class test {\r\n        int a;\r\n        int b;\r\n        test(int i, int j) {\r\n            a = i;\r\n            b = j;\r\n        }\r\n        void meth(test o) {\r\n            o.a *= 2;\r\n            O.b /= 2;\r\n        }          \r\n    }    \r\n    class Output {\r\n        public static void main(String args[])\r\n        {\r\n            test obj = new test(10 , 20);\r\n            obj.meth(obj);\r\n            System.out.println(obj.a + &quot; &quot; + obj.b);        \r\n        } \r\n    }\r\n</code></pre>','10 20','20 10','20 40','40 20','20 10',3,1),(269,'Which one of the following is the right way of defining a function in PHP?','function { function body }','data type functionName(parameters) { function body }','functionName(parameters) { function body }','function fumctionName(parameters) { function body }','function fumctionName(parameters) { function body }',2,2),(270,'Type Hinting was introduced in which version of PHP?','PHP 4','PHP 5','PHP 5.3','PHP 6','PHP 5',2,2),(271,'What will happen in this function call?\r\n<pre><code>\r\n    &lt;?php\r\n    function calc($price, $tax)	\r\n    {\r\n        $total = $price + $tax;\r\n    }\r\n    $pricetag = 15;\r\n    $taxtag = 3;\r\n    calc($pricetag, $taxtag);	\r\n    ?&gt;\r\n</code></pre>','Call By Value','Call By Reference','Default Argument Value','Type Hinting','Call By Value',2,2),(272,'What will be the output of the following PHP code?\r\n<pre><code>\r\n    &lt;?php\r\n    function calc($price, $tax=&quot;&quot;)\r\n    {\r\n        $total = $price + ($price * $tax);\r\n        echo &quot;$total&quot;; \r\n    }\r\n    calc(42);	\r\n    ?&gt;\r\n</code></pre>','Error','0','42','84','42',2,2),(273,'Which of the following are valid function names?','function()','.function()','$function()','','function()',2,2),(274,'What will be the output of the following PHP code?\r\n<pre><code>\r\n    &lt;?php\r\n    function a()\r\n    {\r\n        function b()\r\n        {\r\n            echo &#039;I am b&#039;;\r\n 	}\r\n        echo &#039;I am a&#039;;\r\n    }\r\n    a();\r\n    a();\r\n    ?&gt;\r\n</code></pre>','I am b','I am bI am a','Error','I am a Error','I am a Error',2,2),(275,'What will be the output of the following PHP code?\r\n<pre><code>\r\n    &lt;?php\r\n    $op2 = &quot;blabla&quot;;\r\n    function foo($op1)\r\n    {\r\n        echo $op1;\r\n        echo $op2;\r\n    }\r\n    foo(&quot;hello&quot;);\r\n    ?&gt;\r\n</code></pre>','helloblabla','Error','hello','helloblablablabla','hello',2,2),(276,'A function in PHP which starts with __ (double underscore) is know as..','Magic Function','Inbuilt Function','Default Function','User Defined Function','Magic Function',2,2),(277,'What will be the output of the following PHP code?\r\n<pre><code>\r\n    &lt;?php\r\n    function foo($msg)\r\n    {\r\n        echo &quot;$msg&quot;;\r\n    }\r\n    $var1 = &quot;foo&quot;;\r\n    $var1(&quot;will this work&quot;);\r\n    ?&gt;\r\n</code></pre>','Error','$msg','0','will this work','will this work',2,2),(278,'Which one of the following PHP functions can be used to build a function that accepts any number of arguments?','func_get_argv()','func_get_argc()','get_argv()','get_argc()','func_get_argc()',2,2),(279,'Which one of the following PHP functions can be used to find files?','glob()','file()','fold()','get_file()','glob()',2,2),(280,'Which of the following PHP functions can be used to get the current memory usage?','get_usage()','get_peak_usage()','get_memory_usage()','get_memory_peak_usage()','get_memory_usage()',2,2),(282,'Which one of the following functions can be used to compress a string?','zip_compress()','zip()','compress()','gzcompress()','gzcompress()',2,2),(283,'What will be the output of the following PHP code?\r\n<pre><code>\r\n    &lt;?php\r\n    echo &quot;chr(52)&quot;;\r\n    ?&gt;\r\n</code></pre>','1','2','3','4','4',2,2),(284,'What will be the output of the following PHP code?\r\n<pre><code>\r\n    &lt;?php\r\n    echo ord (&quot;hi&quot;);\r\n    ?&gt;\r\n</code></pre>','106','103','104','209','104',2,2),(285,'What will be the output of the following PHP code?\r\n<pre><code>\r\n    &lt;?php\r\n    $str = &quot;Hello World&quot;\r\n    echo wordwrap($str,5,&quot;&lt;br&gt;\\n&quot;);    \r\n    ?&gt;\r\n</code></pre>','Hello World','Hello\r\nWorld','Hell\r\no wo\r\nrld','World','Hello\r\nWorld',2,2),(286,'What will be the output of the following PHP code?\r\n<pre><code>\r\n    &lt;?php\r\n    echo ucwords(&quot;i love my country&quot;);\r\n    ?&gt;\r\n</code></pre>','I love my country','i love my Country','I love my Country','I Love My Country','I Love My Country',2,2),(287,'What will be the output of the following PHP code?\r\n<pre><code>\r\n    &lt;?php\r\n    echo lcfirst(&quot;welcome to India&quot;);\r\n    ?&gt;\r\n</code></pre>','welcome to India','welcome to india','Welcome to India','Welcome to india','welcome to India',2,2),(288,'PHP\'s numerically indexed array begin with position __.','1','2','0','-1','0',2,2),(289,'What will be the output of the following php code?\r\n<pre><code>\r\n    &lt;?php\r\n    $states = array(&quot;karnataka&quot; =&gt; array\r\n    ( &quot;population&quot; =&gt; &quot;11,35,000&quot;, &quot;captial&quot; =&gt; &quot;Bangalore&quot;),\r\n    &quot;Tamil Nadu&quot; =&gt; array( &quot;population&quot; =&gt; &quot;17,90,000&quot;,\r\n    &quot;captial&quot; =&gt; &quot;Chennai&quot;) );\r\n    echo $states[&quot;karnataka&quot;][&quot;population&quot;];\r\n    ?&gt;\r\n</code></pre>','karnataka 11,35,000','11,35,000','population 11,35,000','karnataka population','11,35,000',2,2),(290,'Which function will return true if a variable is an array or false if it is not?','this_array()','is_array()','do_array()','in_array()','is_array()',2,2),(291,'Which in-built function will add a value to the end of an array?','array_unshift()','into_array()','inend_array()','array_push()','array_push()',2,2),(292,'What will be the output of the following PHP code?\r\n<pre><code>\r\n    &lt;?php\r\n    $state = array (&quot;Karnataka&quot;, &quot;Goa&quot;, &quot;Tamil Nadu&quot;,\r\n    &quot;Andhra Pradesh&quot;);\r\n    echo (array_search (&quot;Tamil Nadu&quot;, $state) );\r\n    ?&gt;\r\n</code></pre>','True','1','False','2','2',2,2),(293,'What will be the output of the following PHP code?\r\n<pre><code>\r\n    &lt;?php\r\n    $fruits = array (&quot;apple&quot;, &quot;orange&quot;, &quot;banana&quot;);\r\n    echo (next($fruits));	\r\n    echo (next($fruits));\r\n    ?&gt;\r\n</code></pre>','orangebanana','appleorange','orangeorange','appleapple','orangebanana',2,2),(294,'Which function can be used to move the pointer to the previous array position?','last()','before()','prev()','previous()','prev()',2,2),(295,'What will be the output of the following PHP code?\r\n<pre><code>\r\n    &lt;?php\r\n    $fruits = array (&quot;apple&quot;, &quot;orange&quot;, array (&quot;pear&quot;, &quot;mango&quot;),\r\n    &quot;banana&quot;);\r\n    echo (count($fruits, 1));\r\n    ?&gt;\r\n</code></pre>','3','4','5','6','6',2,2),(296,'Which function returns an array consisting of associative key/value pairs?','count()','array_count()','array_count_values()','count_values()','array_count_values()',2,2),(297,'What will be the output of the following PHP code?\r\n<pre><code>\r\n    &lt;?php\r\n    $fruits = array (&quot;mango&quot;, &quot;apple&quot;, &quot;pear&quot;, &quot;peach&quot;);\r\n    $fruits = array_flip($fruits);\r\n    echo ($fruits[0]);\r\n    ?&gt;\r\n</code></pre>','mango','Error','peach','0','Error',2,2),(298,'Which of the functions is used to sort an array in descending order?','sort()','asort()','rsort()','dsort()','rsort()',2,2),(299,'What will be the output of the following PHP code?\r\n<pre><code>\r\n    &lt;?php\r\n    $fruits = array (&quot;mango&quot;, &quot;apple&quot;, &quot;peach&quot;, &quot;pear&quot;);\r\n    $fruits = asort ($fruits);\r\n    printr ($fruits);\r\n    ?&gt;\r\n</code></pre>','<pre><code>Array ( [1] =&gt; apple [0] =&gt; mango [2] =&gt; peach [3] =&gt; pear )</code></pre>','<pre><code>Array ( [0] =&gt; apple [1] =&gt; mango [2] =&gt; peach [3] =&gt; pear )</code></pre>','<pre><code>Error</code></pre>','<pre><code>Array ( [1] =&gt; apple [0] =&gt; mango [3] =&gt; peach [2] =&gt; pear )</code></pre>','<pre><code>Array ( [1] =&gt; apple [0] =&gt; mango [2] =&gt; peach [3] =&gt; pear )</code></pre>',2,2),(300,'What will be the output of the following PHP code?\r\n<pre><code>\r\n    &lt;?php\r\n    $arr = array (&quot;picture1.JPG&quot;, &quot;picture2.jpg&quot;,\r\n    &quot;Picture10.jpg&quot;, &quot;picture20.jpg&quot;);\r\n    sort($arr);\r\n    print_r($arr);\r\n    ?&gt;\r\n</code></pre>','<pre><code>Array ( [0] =&gt; picture1.JPG [1] =&gt; Picture10.jpg [2] =&gt; picture2.jpg [3] =&gt; picture20.jpg )</code></pre>','<pre><code>Array ( [0] =&gt; picture1.JPG [1] =&gt; picture2.jpg [2] =&gt; Picture10.jpg [3] =&gt; picture20.jpg )</code></pre>','<pre><code>Array ( [0] =&gt; Picture10.jpg [1] =&gt; picture1.JPG [2] =&gt; picture2.jpg [3] =&gt; picture20.jpg )</code></pre>','<pre><code>Array ( [0] =Picture10.jpg [1] =&gt; picture1.JPG [2] =&gt; picture20.jpg [3] =&gt; picture2.jpg )</code></pre>','Array ( [0] =&a<pre><code>Picture10.jpg [1] =&gt; picture1.JPG [2] =&gt; picture2.jpg [3] =&gt; picture20.jpg )</code></pre>',2,2),(301,'Say in the above question you need to get the array sorted in the manner we humans would have done it i.e picture1 then picture2 etc.. Which of the following function should be used?','dsort()','casesort()','natcasesort()','naturalsort()','natcasesort()',2,2),(302,'What will be the output of the following PHP code?\r\n<pre><code>\r\n    &lt;?php\r\n    $face = array (&quot;A&quot;, &quot;J&quot;, &quot;Q&quot;, &quot;K&quot;);\r\n    $number = array (&quot;2&quot;,&quot;3&quot;,&quot;4&quot;, &quot;5&quot;, &quot;6&quot;, &quot;7&quot;, &quot;8&quot;, &quot;9&quot;, &quot;10&quot;);\r\n    $cards = array_merge ($face, $number);\r\n    print_r ($cards);\r\n    ?&gt;\r\n</code></pre>','<pre><code>Array ( [0] =&gt; A [1] =&gt; J [2] =&gt; Q [3] =&gt; K [4] =&gt; 2 [5] =&gt; 3 [6] =&gt; 4 [7] =&gt; 5 [8] =&gt; 6 [9] =&gt; 7 [10] =&gt; 8 [11] =&gt; 9 [12] =&gt; 10 )</code></pre>','<pre><code>Array ( [0] =&gt; A [1] =&gt; 2 [2] =&gt; J [3] =&gt; 3 [4] =&gt; Q [5] =&gt; 4 [6] =&gt; K [7] =&gt; 5 [8] =&gt; 6 [9] =&gt; 7 [10] =&gt; 8 [11] =&gt; 9 [12] =&gt; 10 )</code></pre>','<pre><code>Error</code></pre>','<pre><code>Array ( [0] =&gt; 2 [1] =&gt; 3 [2] =&gt; 4 [3] =&gt; 5 [4] =&gt; 6 [5] =&gt; 7 [6] =&gt; 8 [7] =&gt; 9 [8] =&gt; 10 [9] =&gt; A [10] =&gt; J [11] =&gt; Q [12] =&gt; K )</code></pre>','<pre><code>Array ( [0] =&gt; A [1] =&gt; J [2] =&gt; Q [3] =&gt; K [4] =&gt; 2 [5] =&gt; 3 [6] =&gt; 4 [7] =&gt; 5 [8] =&gt; 6 [9] =&gt; 7 [10] =&gt; 8 [11] =&gt; 9 [12] =&gt; 10 )</code></pre>',2,2),(303,'What will be the output of the following PHP code?\r\n<pre><code>\r\n    &lt;?php\r\n    $fruits = array (&quot;apple&quot;, &quot;mango&quot;, &quot;peach&quot;, &quot;pear&quot;,\r\n    &quot;orange&quot;);\r\n    $subset = array_slice ($fruits, 2);\r\n    print_r ($subset);\r\n    ?&gt;\r\n</code></pre>','<pre><code>Array ( [0] =&gt; peach )</code></pre>','<pre><code>Array ( [0] =&gt; apple [1] =&gt; mango [2] =&gt; peach )</code></pre>','<pre><code>Array ( [0] =&gt; apple [1] =&gt; mango )</code></pre>','<pre><code>Array ( [0] =&gt; peach [1] =&gt; pear [2] =&gt; orange )</code></pre>','<pre><code>Array ( [0] =&gt; peach [1] =&gt; pear [2] =&gt; orange )</code></pre>',2,2),(304,'What will be the output of the following PHP code?\r\n<pre><code>\r\n    &lt;?php\r\n    $fruits = array (&quot;apple&quot;, &quot;mango&quot;, &quot;peach&quot;, &quot;pear&quot;,\r\n    &quot;orange&quot;);\r\n    $subset = array_splice ($fruits, 2);\r\n    print_r ($fruits);\r\n    ?&gt;\r\n</code></pre>','<pre><code>Error</code></pre>','<pre><code>Array ( [0] =&gt; apple [1] =&gt; mango [2] =&gt; peach )</code></pre>','<pre><code>Array ( [0] =&gt; apple [1] =&gt; mango )</code></pre>','<pre><code>Array ( [0] =&gt; pear [1] =&gt; orange )</code></pre>','<pre><code>Array ( [0] =&gt; apple [1] =&gt; mango )</code></pre>',2,2),(305,'What will be the output of the following PHP code?\r\n<pre><code>\r\n    &lt;?php\r\n    $number = array (&quot;4&quot;, &quot;hello&quot;, 2);\r\n    echo (array_sum ($number));\r\n    ?&gt;\r\n</code></pre>','4hello2','4','6','2','2',2,2),(306,'What will be the output of the following PHP code?\r\n<pre><code>\r\n    &lt;?php\r\n    $array1 = array (&quot;KA&quot;, &quot;LA&quot;, &quot;CA&quot;, &quot;MA&quot;, &quot;TA&quot;);\r\n    $array2 = array (&quot;KA&quot;, &quot;IA&quot;, &quot;CA&quot;, &quot;GA&quot;, &quot;TA&quot;);\r\n    $inter = array_intersect ($array1, $array2);\r\n    print_r ($inter);\r\n    ?&gt;\r\n</code></pre>','<pre><code>Array ( [0] =&gt; KA [1] =&gt; LA [2] =&gt; CA [3] =&gt; MA [4] =&gt; TA [5] =&gt; IA [6] =&gt; GA )</code></pre>','<pre><code>Array ( [0] =&gt; KA [2] =&gt; CA [4] =&gt; TA )</code></pre>','<pre><code>Array ( [1] =&gt; IA [3] =&gt; GA )</code></pre>','<pre><code>Array ( [1] =&gt; LA [3] =&gt; MA )</code></pre>','<pre><code>Array ( [0] =&gt; KA [2] =&gt; CA [4] =&gt; TA )</code></pre>',2,2),(307,'Which version of PHP was added with Exception handling?','PHP 4','PHP 5','PHP 5.3','PHP 6','PHP 5',3,2),(308,'How many methods are available for the exception class?','5','6','7','8','7',3,2),(309,'Which version added the method getPrevious()?','PHP 4','PHP 5','PHP 5.1','PHP 5.3','PHP 5.3',3,2),(310,'Which of the following statements invoke the exception class?','throws new Exception();','throw new Exception();','new Exception();','new throws Exception();','throw new Exception();',3,2),(311,'Which one of the following is the right description for the method getMessage() ?','Returns the message if it is passed to the constructor.','Returns the message if it is passed to the class.','Returns the message if it is passed to the file.','Returns the message if it is passed to the object.','Returns the message if it is passed to the constructor.',3,2),(312,'You can extend the exception base class, but you cannot override any of the preceding methods because the are declared as..','protected','final','static','private','final',3,2),(313,'What does SPL stand for?','Standard PHP Library','Source PHP Library','Standard PHP List','Source PHP List','Standard PHP Library',3,2),(314,'How many predefined exceptions does SPL provide access to?','13','14','15','16','13',3,2),(315,'Which of the following is/are not an exception?','BadFunctionCallException','BadMethodCallException','LogicException','None of the mentioned','None of the mentioned',3,2),(316,'Which of the following is/are an exception?','OutOfBoundException','OutOfRangeException','OverflowException','UnderflowException','OutOfBoundException',3,2),(317,'How many functions does PHP offer for searching and modifying strings using Perl-compatible regular expressions.','7','8','9','10','8',3,2),(318,'What will be the output of the following PHP code?\r\n<pre><code>\r\n&lt;?php\r\n    $foods = array(&quot;pasta&quot;, &quot;steak&quot;, &quot;fish&quot;, &quot;potatoes&quot;);\r\n    $food = preg_grep(&quot;/^s/&quot;, $foods);\r\n    print_r($food);\r\n    ?&gt;\r\n</code></pre>','<pre><code>\r\nArray ( [0] =&gt; pasta [1] =&gt; steak [2] =&gt; fish [3] =&gt; potatoes )</code></pre>','<pre><code>Array ( [3] =&gt; potatoes )</code></pre>','<pre><code>Array ( [1] =&gt; steak )</code></pre>','<pre><code>Array ( [0] =&gt; potatoes )</code></pre>','<pre><code>Array ( [1] =&gt; steak )</code></pre>',3,2),(319,'Say we have two compare two strings which of the following function/functions can you use?','strcmp()','strcasecmp()','strspn()','All of the mentioned','All of the mentioned',3,2),(320,'Which one of the following functions will convert a string to all uppercase?','strtoupper()','uppercase()','str_uppercase()','struppercase()','strtoupper()',3,2),(321,'What will be the output of the following PHP code?\r\n<pre><code>\r\n    &lt;?php\r\n    $title = &quot;O&#039;malley wins the heavyweight championship!&quot;;\r\n    echo ucwords($title);\r\n    ?&gt;\r\n</code></pre>','O\'Malley Wins The Heavyweight Championship!','O\'malley Wins The Heavyweight Championship!','O\'Malley wins the heavyweight championship!','o\'malley wins the heavyweight championship!','o\'malley wins the heavyweight championship!',3,2),(322,'What will be the output of the following PHP code?\r\n<pre><code>\r\n    &lt;?php\r\n    echo str_pad(&quot;Salad&quot;, 5).&quot; is good.&quot;;\r\n    ?&gt;\r\n</code></pre>','SaladSaladSaladSaladSalad is good','is good SaladSaladSaladSaladSalad','is good Salad','Salad is good','Salad is good',3,2),(323,'Which one of the following functions can be used to concatenate array elements to form a single delimited string?','explode()','implode()','concat()','concatenate()','implode()',3,2),(324,'Which one of the following functions finds the last occurrence of a string, returning its numerical position?','strlastpos()','strpos()','strlast()','strrpos()','strrpos()',3,2),(325,'What will be the output of the following PHP code?\r\n<pre><code>    &lt;?php\r\n    $author = &quot;nachiketh@example.com&quot;;\r\n    $author = str_replace(&quot;a&quot;,&quot;@&quot;,$author);\r\n    echo &quot;Contact the author of this article at $author.&quot;;\r\n    ?&gt;\r\n</code></pre>','Contact the author of this article at nachiketh@ex@mple.com','Cont@ct the @uthor of this @rticle @t n@chiketh@ex@mple.com','Contact the author of this article at n@chiketh@ex@mple.com','Error','Contact the author of this article at n@chiketh@ex@mple.com',3,2),(326,'What will be the output of the following PHP code?\r\n<pre><code>\r\n    &lt;?php\r\n    $url = &quot;nachiketh@example.com&quot;;\r\n    echo ltrim(strstr($url, &quot;@&quot;),&quot;@&quot;);\r\n    ?&gt;\r\n</code></pre>','nachiketh@example.com','nachiketh','nachiketh@','example.com','example.com',3,2),(327,'Which one of the following regular expression matches any string containing zero or one p?','p+','p*','P?','p#','P?',3,2),(328,'[:alpha:] can also be specified as..','[A-Za-z0-9]','[A-za-z]','[A-z]','[a-z]','[A-za-z]',3,2),(329,'How many functions does PHP offer for searching strings using POSIX style regular expression?','7','8','9','10','7',3,2),(330,'What will be the output of the following PHP code?\r\n<pre><code>\r\n    &lt;?php\r\n    $username = &quot;jasoN&quot;;\r\n    if (ereg(&quot;([^a-z])&quot;,$username))\r\n        echo &quot;Username must be all lowercase!&quot;;\r\n    else\r\n        echo &quot;Username is all lowercase!&quot;;\r\n    ?&gt;\r\n</code></pre>','Error','Username must be all lowercase!','Username is all lowercase!','No Output is returned','Username must be all lowercase!',3,2),(331,'POSIX implementation was deprecated in which version of PHP?','PHP 4','PHP 5','PHP 5.2','PHP 5.3','PHP 5.3',3,2),(332,'POSIX stands for','Portable Operating System Interface for Unix','Portable Operating System Interface for Linux','Portative Operating System Interface for Unix','Portative Operating System Interface for Linux','Portable Operating System Interface for Unix',3,2),(333,'What will be the output of the following PHP code?\r\n<pre><code>\r\n    &lt;?php\r\n    $text = &quot;this is\\tsome text that\\nwe might like to parse.&quot;;\r\n    print_r(split(&quot;[\\n\\t]&quot;,$text));\r\n    ?&gt;\r\n</code></pre>','<pre><code>this is	some text that we might like to parse.</code></pre>','<pre><code>Array ( [0] =&gt; some text that [1] =&gt; we might like to parse. )</code></pre>','<pre><code>Array ( [0] =&gt; this is [1] =&gt; some text that [2] =&gt; we might like to parse. )</code></pre>','<pre><code>[0] =&gt; this is [1] =&gt; some text that [2] =&gt; we might like to parse.</code></pre>','<pre><code>[0] =&gt; this is [1] =&gt; some text that [2] =&gt; we might like to parse.</code></pre>',3,2),(334,'Which one of the following is the very first task executed by a session enabled page?','Delete the previous session','Start a new session','Check whether a valid session exists','Handle the session','Check whether a valid session exists',3,2),(335,'How many ways can a session data be stored?','3','4','5','6','4',3,2),(336,'Which directive determines how the session information will be stored?','save_data','session.save','session.save_data','session.save_handler','session.save_handler',3,2),(337,'Which one of the following is the default PHP session name?','PHPSESSID','PHPSESID','PHPSESSIONID','PHPIDSESS','PHPSESSID',3,2),(338,'If session.use_cookie is set to 0, this results in use of..','Session','Cookie','URL rewriting','Nothing happens','URL rewriting',3,2),(339,'If the directive session.cookie_lifetime is set to 3600, the cookie will live until..','3600 sec','3600 min','3600 hrs','the browser is restarted','3600 sec',3,2),(340,'Neglecting to set which of the following cookie will result in the cookie\'s domain being set to the host name of the server which generated it.','session.domain','session.path','session.cookie_path','session.cookie_domain','session.cookie_domain',3,2),(341,'What is the default number of seconds that cached session pages are made available before the new pages are created?','360','180','3600','1800','180',3,2),(342,'What is the default time(in seconds) for which session data is considered valid?','1800','3600','1440','1540','1440',3,2),(343,'Which one of the following function is used to start a session?','start_session()','session_start()','session_begin()','begin_session()','session_start()',3,2),(344,'The development environment offers which standard construct for data validation','Super controlled loop constructs','Case sensitivity check','Validation constructs','All of the mentioned','All of the mentioned',1,3),(345,'The main purpose of a &quot;Live Wire&quot; in NetScape is to','Create linkage between client side and server side','Permit server side, JavaScript code, to connect to RDBMS','Support only non relational database','To interpret JavaScript code','Permit server side, JavaScript code, to connect to RDBMS',1,3),(346,'The script tag must be placed in','head','head and body','title and head','All of the mentioned','head and body',1,3),(347,'A JavaScript program developed on a Unix Machine','will throw errors and exceptions','must be restricted to a Unix Machine only','will work perfectly well on a Windows Machine','will be displayed as a JavaScript text on the browser','will work perfectly well on a Windows Machine',1,3),(348,'JavaScript is ideal to','make computations in HTML simpler','minimize storage requirements on the web server','increase the download time for the client','None of the mentioned','minimize storage requirements on the web server',1,3),(349,'Which attribute is used to specify that the script is executed when the page has finished parsing ( only for external scripts )','parse','async','defer','type','defer',1,3),(350,'JavaScript Code can be called by using','RMI','Triggering Event','Preprocessor','Function/Method','Function/Method',1,3),(351,'JavaScript can be written','directly into JS file and included into HTML','directly on the server page','directly into HTML pages','All of the mentioned','directly into JS file and included into HTML',1,3),(352,'Which of the following Attribute is used to include External JS code inside your HTML Document','src','ext','script','link','src',1,3),(353,'A proper scripting language is a','High level programming language','Assembly level programming language','Machinen level programming language','Low level programming language','High level programming language',1,3),(354,'The type of a variable that is volatile is','Volatile variable','Mutable variable','Immutable variable','Dynamic variable','Mutable variable',1,3),(355,'A hexadecimal literal begins with','00','0x','0C','01','0x',1,3),(356,'When there is an indefinite or an infinity value during an arithmetic value computation, javascript','Prints an exception error','Prints an overflow error','Displays &quot;Infinity&quot;','Prints the value as such','Displays &quot;Infinity&quot;',1,3),(357,'Which of the following is not considered as an error in JavaScript?','Syntax error','Missing of semicolons','Division by zero','All of the above','Division by zero',1,3),(358,'The escape sequence \'\\f\' stands for','Floating numbers','Representation of functions that returns a value','\\f is not present in JavaScript','Form feed','Form feed',1,3),(359,'The snippet that has to be used to check if &quot;a&quot; is not equal to &quot;null&quot; is','if(a!=null)','if (!a)','if(a!null)','if(a!==null)','if(a!==null)',1,3),(360,'The statement a===b refers to','Both a and b are equal in value, type and reference address','Both a and b are equal in value','Both a and b are equal in value and type','There is no such statement','Both a and b are equal in value and type',1,3),(362,'Consider the following snippet code\r\n<pre><code></code></pre>','123246','246','123123','Exception','123123',1,3),(363,'A function definition expression can be called','Function prototype','Function literal','Function definition','Function declaration','Function literal',1,3),(364,'The property of a primary expression is','stand-alone expressions','basic expressions containing all necessary functions','contains variable references alone','complex expressions','stand-alone expressions',1,3),(365,'Consider the following statements: In order to check if the pattern matches with the string &quot;text&quot;, the stat<pre><code>var text = &quot;testing: 1, 2, 3&quot;; // Sample text\r\nvar pattern = /\\d+/g // Matches all instances of one or more digits\r\n</code></pre>','text==pattern','text.equals(pattern)','text.test(pattern)','pattern.test(text)','pattern.test(text)',1,3),(366,'The JavaScript\'s syntax calling ( or executing ) a function or method is called','Primary expression','Functional expression','Invocation expression','Property Access Expression','Invocation expression',1,3),(367,'What kind of an expression is &quot;new Point(2,3)&quot;?','Primary Expression','Object Creation Expression','Invocation Expression','Constructor Calling Expression','Object Creation Expression',1,3),(368,'Which of the operator is used to test if a particular property exists or not?','in','exist','within','exists','in',1,3),(369,'Among the following, which one is a ternary operator?','+',':','-','?:','?:',1,3),(370,'&quot;An expression that can legally appear on the left side of an assignment expression.&quot; is a well known explanation for variables, properties of objects, and elements of arrays. They are called','Properties','Prototypes','Lvalue','Definition','Lvalue',1,3);
/*!40000 ALTER TABLE `questions` ENABLE KEYS */;
UNLOCK TABLES;

--
-- Table structure for table `quiz`
--

DROP TABLE IF EXISTS `quiz`;
/*!40101 SET @saved_cs_client     = @@character_set_client */;
/*!40101 SET character_set_client = utf8 */;
CREATE TABLE `quiz` (
  `quiz_id` int(11) NOT NULL AUTO_INCREMENT,
  `date` date NOT NULL,
  `score` decimal(4,2) NOT NULL,
  `user_user_id` int(11) NOT NULL,
  `level_level_id` int(11) NOT NULL,
  `subject_subject_id` int(11) NOT NULL,
  PRIMARY KEY (`quiz_id`,`user_user_id`,`level_level_id`,`subject_subject_id`),
  KEY `fk_quiz_user1_idx` (`user_user_id`),
  KEY `fk_quiz_level1_idx` (`level_level_id`),
  KEY `fk_quiz_subject1_idx` (`subject_subject_id`),
  CONSTRAINT `fk_quiz_level1` FOREIGN KEY (`level_level_id`) REFERENCES `level` (`level_id`) ON DELETE NO ACTION ON UPDATE NO ACTION,
  CONSTRAINT `fk_quiz_subject1` FOREIGN KEY (`subject_subject_id`) REFERENCES `subject` (`subject_id`) ON DELETE NO ACTION ON UPDATE NO ACTION,
  CONSTRAINT `fk_quiz_user1` FOREIGN KEY (`user_user_id`) REFERENCES `user` (`user_id`) ON DELETE NO ACTION ON UPDATE NO ACTION
) ENGINE=InnoDB AUTO_INCREMENT=48 DEFAULT CHARSET=latin1;
/*!40101 SET character_set_client = @saved_cs_client */;

--

/*!40101 SET character_set_client = @saved_cs_client */;


/*!40101 SET SQL_MODE=@OLD_SQL_MODE */;
/*!40014 SET FOREIGN_KEY_CHECKS=@OLD_FOREIGN_KEY_CHECKS */;
/*!40014 SET UNIQUE_CHECKS=@OLD_UNIQUE_CHECKS */;
/*!40101 SET CHARACTER_SET_CLIENT=@OLD_CHARACTER_SET_CLIENT */;
/*!40101 SET CHARACTER_SET_RESULTS=@OLD_CHARACTER_SET_RESULTS */;
/*!40101 SET COLLATION_CONNECTION=@OLD_COLLATION_CONNECTION */;
/*!40111 SET SQL_NOTES=@OLD_SQL_NOTES */;

-- Dump completed on 2017-06-05 20:38:15
